label_value,score,id,duration_months,credit_amount,installment_rate,present_residence_since,age_years,number_existing_credits,checking_status,credit_history,purpose,savings_account,present_employment_since,debtors_guarantors,property,installment_plans,housing,job,number_people_liable,telephone,foreign_worker,gender
Default,Default,1,48,5951,2,2,22,1,A12,A32,A43,A61,A73,A101,A121,A143,A152,A173,1,A191,A201,female
Default,Default,4,24,4870,3,4,53,2,A11,A33,A40,A61,A73,A101,A124,A143,A153,A173,2,A191,A201,male
Default,Default,9,30,5234,4,2,28,2,A12,A34,A40,A61,A71,A101,A123,A143,A152,A174,1,A191,A201,male
Default,Default,10,12,1295,3,1,25,1,A12,A32,A40,A61,A72,A101,A123,A143,A151,A173,1,A191,A201,female
Default,Default,11,48,4308,3,4,24,1,A11,A32,A49,A61,A72,A101,A122,A143,A151,A173,1,A191,A201,female
Default,Default,13,24,1199,4,4,60,2,A11,A34,A40,A61,A75,A101,A123,A143,A152,A172,1,A191,A201,male
Default,Pay Off,15,24,1282,4,2,32,1,A11,A32,A43,A62,A73,A101,A123,A143,A152,A172,1,A191,A201,female
Default,Default,18,24,12579,4,2,44,1,A12,A32,A41,A61,A75,A101,A124,A143,A153,A174,1,A192,A201,female
Default,Default,29,60,6836,3,4,63,2,A11,A33,A49,A61,A75,A101,A124,A143,A152,A173,1,A192,A201,male
Default,Default,35,45,4746,4,2,25,2,A12,A34,A43,A61,A72,A101,A122,A143,A152,A172,1,A191,A201,male
Default,Pay Off,37,18,2100,4,2,37,1,A13,A32,A43,A61,A73,A102,A121,A142,A152,A173,1,A191,A201,male
Default,Default,44,48,6143,4,4,58,2,A11,A34,A41,A61,A75,A101,A124,A142,A153,A172,1,A191,A201,female
Default,Default,54,36,2225,4,4,57,2,A12,A33,A40,A61,A75,A101,A124,A141,A153,A173,1,A192,A201,male
Default,Pay Off,56,12,6468,2,1,52,1,A12,A32,A43,A65,A71,A101,A124,A143,A152,A174,1,A192,A201,male
Default,Default,59,36,6229,4,4,23,2,A11,A34,A42,A61,A72,A102,A124,A143,A151,A172,1,A192,A201,female
Default,Pay Off,62,36,1953,4,4,61,1,A12,A30,A49,A61,A75,A101,A124,A143,A153,A174,1,A192,A201,male
Default,Default,63,48,14421,2,2,25,1,A12,A30,A49,A61,A73,A101,A123,A143,A152,A173,1,A192,A201,male
Default,Pay Off,68,36,1819,4,4,37,1,A14,A32,A46,A61,A73,A101,A124,A142,A153,A173,1,A192,A201,male
Default,Default,76,42,3965,4,3,34,1,A11,A32,A43,A61,A72,A101,A123,A143,A152,A173,1,A191,A201,male
Default,Default,87,36,12612,1,4,47,1,A12,A32,A46,A62,A73,A101,A124,A143,A153,A173,2,A192,A201,male
Default,Pay Off,92,12,797,4,3,33,1,A14,A34,A43,A65,A75,A101,A122,A141,A152,A172,2,A191,A201,female
Default,Default,95,54,15945,3,4,58,1,A12,A30,A49,A61,A72,A101,A124,A143,A151,A173,1,A192,A201,male
Default,Default,105,24,11938,2,3,39,2,A12,A34,A410,A61,A73,A102,A123,A143,A152,A174,2,A192,A201,male
Default,Default,106,18,6458,2,4,39,2,A14,A31,A40,A61,A75,A101,A124,A141,A152,A174,2,A192,A201,male
Default,Pay Off,113,36,7855,4,2,25,2,A14,A34,A40,A61,A73,A101,A121,A142,A152,A173,1,A192,A201,female
Default,Pay Off,116,42,7174,4,3,30,1,A11,A32,A43,A65,A74,A101,A123,A143,A152,A174,1,A192,A201,female
Default,Pay Off,118,33,4281,1,4,23,2,A11,A34,A42,A63,A73,A101,A123,A143,A152,A173,1,A191,A201,female
Default,Pay Off,120,21,1835,3,2,25,2,A11,A32,A43,A61,A73,A101,A121,A143,A152,A173,1,A192,A201,female
Default,Pay Off,124,18,1924,4,3,27,1,A12,A32,A42,A65,A72,A101,A121,A143,A151,A173,1,A191,A201,female
Default,Pay Off,127,12,639,4,2,30,1,A12,A32,A45,A61,A73,A101,A123,A143,A152,A173,1,A191,A201,male
Default,Default,129,12,3499,3,2,29,2,A11,A34,A40,A61,A73,A102,A121,A143,A152,A173,1,A191,A201,female
Default,Default,131,36,6887,4,3,29,1,A11,A33,A46,A61,A73,A101,A122,A142,A152,A173,1,A192,A201,male
Default,Pay Off,137,12,766,4,3,66,1,A12,A32,A43,A63,A73,A101,A121,A143,A152,A172,1,A191,A201,male
Default,Default,143,18,2462,2,2,22,1,A11,A32,A42,A61,A73,A101,A123,A143,A152,A173,1,A191,A201,male
Default,Default,155,12,1282,2,4,20,1,A11,A32,A42,A61,A73,A101,A123,A143,A151,A173,1,A191,A201,female
Default,Pay Off,169,24,1935,4,4,31,2,A12,A34,A49,A61,A75,A101,A121,A143,A152,A173,1,A192,A201,male
Default,Default,170,15,950,4,3,33,2,A11,A30,A40,A61,A75,A101,A123,A143,A151,A173,2,A191,A201,male
Default,Pay Off,172,24,2064,3,2,34,1,A12,A33,A42,A61,A71,A101,A122,A143,A152,A174,1,A192,A201,female
Default,Default,174,21,3414,2,1,26,2,A11,A33,A46,A61,A72,A101,A122,A143,A152,A173,1,A191,A201,male
Default,Pay Off,180,36,9572,1,1,28,2,A14,A33,A49,A61,A72,A101,A123,A143,A152,A173,1,A191,A201,male
Default,Default,182,21,1647,4,2,40,2,A11,A31,A40,A65,A73,A101,A122,A143,A152,A172,2,A191,A201,male
Default,Pay Off,186,9,5129,2,4,74,1,A12,A31,A41,A61,A75,A101,A124,A141,A153,A174,2,A192,A201,female
Default,Pay Off,190,24,4591,2,3,54,3,A14,A32,A49,A64,A73,A101,A122,A143,A152,A174,1,A192,A201,male
Default,Default,192,27,3915,4,2,36,1,A12,A32,A49,A61,A73,A101,A123,A143,A152,A173,2,A192,A201,male
Default,Default,194,45,3031,4,4,21,1,A12,A32,A43,A62,A73,A103,A122,A143,A151,A173,1,A191,A201,male
Default,Pay Off,195,9,1501,2,3,34,2,A12,A34,A46,A61,A75,A101,A123,A143,A152,A174,1,A192,A201,female
Default,Default,197,12,951,4,4,27,4,A12,A32,A42,A62,A72,A101,A123,A141,A151,A173,1,A191,A201,female
Default,Pay Off,199,18,4297,4,3,40,1,A12,A33,A42,A61,A75,A101,A124,A143,A152,A174,1,A192,A201,male
Default,Pay Off,203,12,902,4,4,21,1,A11,A32,A48,A61,A74,A101,A122,A143,A151,A173,1,A191,A201,male
Default,Pay Off,213,30,1908,4,4,66,1,A13,A33,A49,A61,A75,A101,A121,A143,A152,A174,1,A192,A201,male
Default,Default,226,48,10961,1,2,27,2,A12,A32,A43,A64,A74,A102,A124,A141,A152,A173,1,A192,A201,male
Default,Default,227,12,7865,4,4,53,1,A11,A32,A42,A61,A75,A101,A124,A143,A153,A174,1,A192,A201,male
Default,Pay Off,228,9,1478,4,2,22,1,A14,A32,A43,A61,A74,A101,A123,A143,A152,A173,1,A191,A201,male
Default,Default,235,24,1823,4,2,30,1,A11,A32,A43,A61,A71,A101,A123,A142,A152,A174,2,A191,A201,male
Default,Pay Off,236,6,14555,1,2,23,1,A12,A32,A40,A65,A71,A101,A122,A143,A152,A171,1,A192,A201,male
Default,Default,242,48,4605,3,4,24,2,A11,A30,A41,A61,A75,A101,A124,A143,A153,A173,2,A191,A201,male
Default,Pay Off,249,18,433,3,4,22,1,A14,A32,A43,A61,A71,A102,A121,A143,A151,A173,1,A191,A201,female
Default,Default,252,30,2150,4,2,24,1,A12,A32,A40,A61,A73,A103,A124,A141,A152,A173,1,A191,A201,female
Default,Default,257,12,2149,4,1,29,1,A11,A31,A43,A61,A73,A101,A124,A143,A153,A173,1,A191,A201,male
Default,Pay Off,265,15,802,4,3,37,1,A12,A32,A43,A61,A75,A101,A123,A143,A152,A173,2,A191,A201,male
Default,Pay Off,268,14,8978,1,4,45,1,A11,A32,A40,A61,A75,A101,A122,A143,A152,A174,1,A192,A202,male
Default,Pay Off,273,48,3060,4,4,28,2,A12,A32,A43,A61,A74,A101,A121,A143,A152,A173,1,A191,A201,male
Default,Default,274,30,11998,1,1,34,1,A11,A32,A45,A61,A72,A101,A124,A143,A152,A172,1,A192,A201,male
Default,Pay Off,289,24,1024,4,4,48,1,A11,A33,A43,A61,A72,A101,A121,A142,A152,A173,1,A191,A201,male
Default,Default,291,36,9398,1,4,28,1,A12,A32,A41,A61,A72,A101,A123,A143,A151,A174,1,A192,A201,male
Default,Default,295,48,9960,1,2,26,1,A12,A32,A42,A61,A72,A101,A123,A143,A152,A173,1,A192,A201,female
Default,Default,301,36,3804,4,1,42,1,A12,A30,A43,A61,A73,A101,A123,A143,A152,A173,1,A192,A201,female
Default,Pay Off,302,24,1344,4,2,37,2,A13,A34,A40,A65,A74,A101,A121,A141,A152,A172,2,A191,A201,male
Default,Default,304,48,10127,2,2,44,1,A14,A34,A40,A63,A73,A101,A124,A141,A153,A173,1,A191,A201,male
Default,Pay Off,307,12,727,4,3,33,1,A11,A32,A43,A62,A72,A101,A124,A143,A152,A172,1,A192,A201,male
Default,Pay Off,308,8,1237,3,4,24,1,A12,A32,A42,A61,A73,A101,A121,A143,A152,A173,1,A191,A201,female
Default,Default,315,36,2746,4,4,31,1,A11,A31,A42,A61,A75,A101,A123,A141,A152,A173,1,A191,A201,male
Default,Default,320,30,4249,4,2,28,2,A12,A34,A40,A61,A71,A101,A123,A143,A152,A174,1,A191,A201,male
Default,Default,321,24,1938,4,3,32,1,A11,A32,A43,A61,A72,A101,A122,A143,A152,A173,1,A191,A201,male
Default,Default,332,60,7408,4,2,24,1,A12,A32,A40,A62,A72,A101,A122,A143,A152,A174,1,A191,A201,female
Default,Pay Off,333,48,11590,2,4,24,2,A14,A34,A41,A62,A73,A101,A123,A141,A151,A172,1,A191,A201,female
Default,Default,334,24,4110,3,4,23,2,A11,A30,A42,A61,A75,A101,A124,A141,A151,A173,2,A191,A201,male
Default,Pay Off,335,6,3384,1,4,44,1,A11,A34,A42,A61,A73,A101,A121,A143,A151,A174,1,A192,A201,male
Default,Default,337,15,1275,4,2,24,1,A11,A32,A44,A65,A73,A101,A123,A143,A151,A173,1,A191,A201,female
Default,Pay Off,349,9,1136,4,3,32,2,A12,A34,A46,A64,A75,A101,A124,A143,A153,A173,2,A191,A201,male
Default,Pay Off,351,9,959,1,2,29,1,A12,A32,A42,A61,A73,A101,A123,A143,A152,A173,1,A191,A202,female
Default,Default,353,12,6199,4,2,28,2,A11,A30,A43,A61,A73,A101,A122,A143,A151,A173,1,A192,A201,male
Default,Pay Off,357,36,4463,4,2,26,2,A14,A33,A43,A61,A73,A101,A123,A143,A152,A174,1,A192,A201,male
Default,Default,359,30,2406,4,4,23,1,A11,A32,A42,A61,A74,A101,A121,A143,A151,A173,1,A191,A201,female
Default,Default,368,36,3446,4,2,42,1,A11,A32,A42,A61,A75,A101,A123,A143,A152,A173,2,A191,A201,male
Default,Default,374,60,14782,3,4,60,2,A12,A31,A410,A62,A75,A101,A124,A141,A153,A174,1,A192,A201,female
Default,Pay Off,381,18,12976,3,4,38,1,A12,A32,A41,A61,A71,A101,A124,A143,A153,A174,1,A192,A201,female
Default,Pay Off,398,12,1223,1,1,46,2,A12,A32,A40,A61,A75,A101,A121,A143,A151,A173,1,A191,A201,male
Default,Pay Off,402,24,8648,2,2,27,2,A14,A33,A49,A61,A72,A101,A123,A141,A152,A173,1,A192,A201,male
Default,Pay Off,405,24,2039,1,1,22,1,A12,A32,A43,A61,A72,A101,A122,A143,A152,A173,1,A192,A201,male
Default,Pay Off,409,12,939,4,2,28,3,A13,A34,A40,A63,A74,A101,A121,A143,A152,A173,1,A192,A201,male
Default,Pay Off,412,12,2292,4,2,42,2,A14,A34,A49,A61,A71,A101,A123,A142,A152,A174,1,A192,A201,male
Default,Default,414,24,1381,4,2,35,1,A11,A32,A40,A65,A73,A101,A122,A143,A152,A173,1,A191,A201,female
Default,Default,416,12,2579,4,1,33,1,A11,A32,A40,A61,A72,A101,A121,A143,A152,A172,2,A191,A201,male
Default,Pay Off,419,18,1042,4,2,33,1,A12,A32,A40,A65,A73,A101,A122,A143,A152,A173,1,A191,A201,female
Default,Pay Off,424,12,2762,1,2,25,1,A12,A32,A42,A65,A75,A101,A122,A141,A152,A173,1,A192,A201,female
Default,Pay Off,429,18,1190,2,4,55,3,A11,A34,A45,A61,A71,A101,A124,A143,A153,A171,2,A191,A201,female
Default,Default,431,24,11328,2,3,29,2,A12,A32,A410,A61,A73,A102,A123,A141,A152,A174,1,A192,A201,male
Default,Pay Off,443,12,719,4,4,41,1,A14,A32,A46,A61,A75,A101,A123,A141,A152,A172,2,A191,A201,male
Default,Pay Off,444,48,5096,2,3,30,1,A12,A34,A42,A61,A73,A101,A123,A143,A152,A174,1,A192,A201,female
Default,Pay Off,449,15,1512,3,3,61,2,A12,A33,A45,A64,A73,A101,A122,A142,A152,A173,1,A191,A201,male
Default,Pay Off,457,12,3386,3,4,35,1,A11,A32,A41,A61,A75,A101,A124,A143,A153,A173,1,A192,A201,male
Default,Default,466,24,1659,4,2,29,1,A11,A33,A43,A61,A72,A101,A123,A143,A151,A172,1,A192,A201,female
Default,Pay Off,470,24,3092,3,2,22,1,A12,A32,A43,A62,A72,A101,A123,A143,A151,A173,1,A192,A201,male
Default,Default,472,9,654,4,3,28,1,A11,A32,A40,A61,A73,A101,A123,A143,A152,A172,1,A191,A201,male
Default,Default,475,18,3114,1,4,26,1,A11,A30,A42,A61,A72,A101,A122,A143,A151,A173,1,A191,A201,female
Default,Pay Off,485,6,1209,4,4,47,1,A12,A33,A40,A61,A71,A101,A122,A143,A152,A174,1,A192,A201,male
Default,Pay Off,495,24,2996,2,4,20,1,A11,A32,A42,A65,A73,A101,A123,A143,A152,A173,1,A191,A201,male
Default,Default,496,36,9034,4,1,29,1,A12,A32,A42,A62,A72,A102,A124,A143,A151,A174,1,A192,A201,male
Default,Default,503,24,1216,4,4,38,2,A12,A34,A43,A62,A72,A101,A124,A141,A152,A173,2,A191,A201,male
Default,Default,504,24,1207,4,4,24,1,A11,A32,A40,A61,A72,A101,A122,A143,A151,A173,1,A191,A201,female
Default,Pay Off,505,10,1309,4,4,27,1,A14,A32,A40,A65,A73,A103,A122,A143,A152,A172,1,A191,A201,male
Default,Default,507,15,6850,1,2,34,1,A12,A31,A40,A62,A71,A101,A122,A143,A152,A174,2,A192,A201,male
Default,Pay Off,517,36,7127,2,4,23,2,A14,A34,A42,A61,A72,A101,A122,A143,A151,A173,1,A192,A201,female
Default,Pay Off,521,18,3190,2,2,24,1,A11,A32,A43,A61,A73,A101,A121,A143,A152,A173,1,A191,A201,female
Default,Default,528,36,2302,4,4,31,1,A11,A32,A43,A61,A73,A101,A123,A143,A151,A173,1,A191,A201,male
Default,Pay Off,535,21,2319,2,1,33,1,A13,A34,A46,A61,A72,A101,A123,A143,A151,A173,1,A191,A201,male
Default,Default,538,48,7763,4,4,42,1,A11,A32,A40,A61,A75,A101,A124,A141,A153,A174,1,A191,A201,male
Default,Pay Off,540,12,1534,1,1,23,1,A12,A32,A43,A61,A72,A101,A121,A143,A151,A173,1,A191,A201,male
Default,Default,542,30,6350,4,4,31,1,A11,A32,A42,A65,A75,A101,A122,A143,A152,A173,1,A191,A201,male
Default,Pay Off,543,18,2864,2,1,34,1,A13,A32,A42,A61,A73,A101,A121,A143,A152,A172,2,A191,A201,male
Default,Default,545,24,1333,4,2,43,2,A11,A33,A40,A61,A71,A101,A121,A143,A153,A173,2,A191,A201,male
Default,Default,548,12,626,4,4,24,1,A11,A31,A43,A61,A73,A101,A121,A141,A152,A172,1,A191,A201,female
Default,Pay Off,552,48,6999,1,1,34,2,A11,A32,A43,A61,A74,A103,A121,A143,A152,A173,1,A192,A201,male
Default,Pay Off,555,12,1331,2,1,22,1,A12,A32,A43,A61,A72,A101,A123,A142,A152,A173,1,A191,A201,male
Default,Default,556,18,2278,3,3,28,2,A12,A30,A40,A62,A72,A101,A123,A143,A152,A173,1,A191,A201,female
Default,Pay Off,557,21,5003,1,4,29,2,A14,A30,A40,A65,A73,A101,A122,A141,A152,A173,1,A192,A201,female
Default,Pay Off,559,18,1928,2,2,31,2,A12,A34,A42,A61,A72,A101,A121,A143,A152,A172,1,A191,A201,male
Default,Pay Off,561,24,1546,4,4,24,1,A11,A31,A43,A61,A74,A103,A123,A141,A151,A172,1,A191,A201,male
Default,Default,563,36,12389,1,4,37,1,A12,A32,A40,A65,A73,A101,A124,A143,A153,A173,1,A192,A201,male
Default,Pay Off,566,12,1372,2,3,36,1,A11,A32,A40,A61,A74,A101,A123,A143,A152,A173,1,A191,A201,male
Default,Default,569,48,6758,3,2,31,1,A11,A32,A43,A61,A73,A101,A123,A143,A152,A173,1,A192,A201,female
Default,Default,570,24,3234,4,4,23,1,A11,A32,A42,A61,A72,A101,A121,A143,A151,A172,1,A192,A201,female
Default,Default,578,36,2820,4,4,27,2,A12,A34,A40,A61,A72,A101,A123,A143,A152,A173,1,A191,A201,male
Default,Default,583,36,2384,4,1,33,1,A12,A32,A45,A61,A72,A101,A124,A143,A151,A172,1,A191,A201,male
Default,Default,585,18,2039,1,4,20,1,A11,A32,A42,A61,A73,A101,A121,A141,A151,A173,1,A191,A201,female
Default,Pay Off,588,18,1217,4,3,47,1,A11,A32,A44,A61,A73,A101,A121,A143,A152,A172,1,A192,A201,male
Default,Pay Off,589,12,2246,3,3,60,2,A11,A34,A42,A61,A75,A101,A122,A143,A152,A173,1,A191,A201,male
Default,Default,593,24,2718,3,4,20,1,A12,A32,A40,A61,A73,A101,A122,A143,A151,A172,1,A192,A201,female
Default,Pay Off,594,24,1358,4,3,40,1,A11,A31,A410,A65,A75,A101,A123,A142,A152,A174,1,A192,A201,male
Default,Default,596,24,1442,4,4,23,2,A11,A32,A40,A61,A74,A101,A123,A143,A151,A173,1,A191,A201,female
Default,Pay Off,598,18,2775,2,2,31,2,A14,A34,A40,A61,A74,A101,A122,A141,A152,A173,1,A191,A201,male
Default,Default,602,24,1837,4,4,34,1,A12,A31,A46,A61,A74,A101,A124,A141,A153,A172,1,A191,A201,female
Default,Pay Off,603,36,3349,4,2,28,1,A14,A32,A42,A61,A73,A101,A123,A143,A152,A174,1,A192,A201,female
Default,Default,607,36,2671,4,4,50,1,A12,A32,A43,A62,A73,A102,A124,A143,A153,A173,1,A191,A201,female
Default,Default,610,12,741,4,3,22,1,A11,A32,A44,A62,A71,A101,A122,A143,A152,A173,1,A191,A201,female
Default,Pay Off,611,10,1240,1,4,48,1,A13,A32,A40,A62,A75,A101,A124,A143,A153,A172,2,A191,A201,female
Default,Pay Off,614,18,1808,4,1,22,1,A14,A33,A42,A61,A74,A101,A121,A143,A152,A173,1,A191,A201,female
Default,Default,618,30,3441,2,4,21,1,A12,A32,A42,A62,A73,A102,A123,A143,A151,A173,1,A191,A201,female
Default,Pay Off,621,18,1530,3,2,32,2,A14,A34,A40,A61,A73,A101,A122,A141,A152,A173,1,A191,A201,male
Default,Default,624,18,2600,4,4,65,2,A11,A32,A43,A61,A73,A101,A124,A143,A153,A173,1,A191,A201,male
Default,Pay Off,627,9,1437,2,3,29,1,A12,A31,A40,A62,A74,A101,A124,A143,A152,A173,1,A191,A201,male
Default,Default,631,18,1553,4,3,44,1,A11,A31,A42,A61,A73,A101,A123,A141,A152,A173,1,A191,A201,male
Default,Pay Off,633,9,1980,2,2,19,2,A14,A32,A42,A61,A72,A102,A123,A143,A151,A173,1,A191,A201,female
Default,Default,639,42,4370,3,2,26,2,A11,A33,A43,A61,A74,A101,A122,A141,A152,A173,2,A192,A201,male
Default,Pay Off,640,18,750,4,1,27,1,A11,A32,A46,A61,A71,A101,A121,A143,A152,A171,1,A191,A201,female
Default,Pay Off,642,15,4623,3,2,40,1,A14,A32,A46,A62,A73,A101,A122,A143,A152,A174,1,A192,A201,male
Default,Pay Off,645,36,7980,4,4,27,2,A14,A33,A49,A65,A72,A101,A123,A143,A151,A173,1,A192,A201,male
Default,Pay Off,647,12,1386,2,2,26,1,A14,A32,A40,A63,A73,A101,A122,A143,A152,A173,1,A191,A201,female
Default,Pay Off,648,24,947,4,3,38,1,A13,A32,A40,A61,A74,A101,A124,A141,A153,A173,2,A191,A201,male
Default,Default,649,12,684,4,4,40,1,A11,A32,A46,A61,A73,A101,A123,A143,A151,A172,2,A191,A201,male
Default,Default,651,12,1922,4,2,37,1,A12,A32,A42,A61,A73,A101,A122,A143,A152,A172,1,A191,A201,male
Default,Default,652,24,2303,4,1,45,1,A11,A32,A40,A61,A75,A102,A121,A143,A152,A173,1,A191,A201,male
Default,Default,653,36,8086,2,4,42,4,A12,A33,A40,A62,A75,A101,A123,A143,A152,A174,1,A192,A201,male
Default,Pay Off,661,12,900,4,2,23,1,A11,A32,A40,A65,A73,A101,A123,A143,A152,A173,1,A191,A201,male
Default,Default,668,12,4843,3,4,43,2,A11,A34,A40,A61,A75,A102,A122,A143,A151,A173,1,A192,A201,male
Default,Pay Off,700,12,1123,4,4,29,1,A14,A32,A42,A63,A73,A101,A123,A143,A151,A172,1,A191,A201,female
Default,Pay Off,701,48,6331,4,4,46,2,A11,A34,A41,A61,A75,A101,A124,A143,A153,A173,1,A192,A201,male
Default,Default,707,12,2969,4,3,25,2,A12,A30,A42,A61,A72,A101,A122,A143,A151,A173,1,A191,A201,female
Default,Default,711,6,1198,4,4,35,1,A11,A31,A46,A61,A75,A101,A124,A143,A153,A173,1,A191,A201,female
Default,Default,714,60,14027,4,2,27,1,A12,A32,A40,A61,A74,A101,A124,A143,A152,A174,1,A192,A201,male
Default,Default,721,6,433,4,2,24,1,A12,A31,A46,A64,A72,A101,A122,A141,A151,A173,2,A191,A201,female
Default,Default,722,12,1228,4,2,24,1,A11,A32,A40,A61,A73,A101,A121,A143,A152,A172,1,A191,A201,female
Default,Pay Off,724,27,2570,3,3,21,1,A14,A32,A40,A61,A73,A101,A121,A143,A151,A173,1,A191,A201,female
Default,Default,727,18,1882,4,4,25,2,A11,A32,A43,A61,A73,A101,A123,A141,A151,A173,1,A191,A201,female
Default,Default,728,48,6416,4,3,59,1,A12,A31,A49,A61,A75,A101,A124,A143,A151,A173,1,A191,A201,female
Default,Default,731,24,1987,2,4,21,1,A11,A32,A43,A61,A73,A101,A121,A143,A151,A172,2,A191,A201,male
Default,Default,736,24,11560,1,4,23,2,A12,A32,A41,A61,A73,A101,A123,A143,A151,A174,1,A191,A201,female
Default,Default,739,30,4280,4,4,26,2,A12,A30,A49,A62,A73,A101,A123,A143,A151,A172,1,A191,A201,female
Default,Pay Off,747,12,1274,3,1,37,1,A11,A32,A40,A61,A72,A101,A121,A143,A152,A172,1,A191,A201,female
Default,Default,751,18,976,1,2,23,1,A11,A32,A40,A61,A72,A101,A123,A143,A152,A172,1,A191,A201,female
Default,Pay Off,754,12,1555,4,4,55,2,A14,A33,A45,A64,A75,A101,A124,A143,A153,A173,2,A191,A201,male
Default,Default,755,24,1285,4,4,32,1,A11,A32,A40,A65,A74,A101,A124,A143,A151,A173,1,A191,A201,female
Default,Pay Off,757,15,1271,3,4,39,2,A13,A34,A43,A65,A73,A101,A124,A143,A153,A173,1,A192,A201,male
Default,Default,759,12,691,4,3,35,2,A11,A34,A40,A61,A75,A101,A122,A143,A152,A173,1,A191,A201,male
Default,Default,761,18,2124,4,4,24,2,A11,A34,A42,A61,A73,A101,A121,A143,A151,A173,1,A191,A201,female
Default,Pay Off,763,21,12680,4,4,30,1,A14,A34,A40,A65,A75,A101,A124,A143,A153,A174,1,A192,A201,male
Default,Default,766,30,3108,2,4,31,1,A11,A32,A42,A61,A72,A101,A122,A143,A152,A172,1,A191,A201,male
Default,Default,783,12,836,4,2,23,1,A12,A32,A40,A62,A72,A101,A122,A141,A152,A172,1,A191,A201,female
Default,Pay Off,790,21,1188,2,4,39,1,A12,A32,A49,A61,A75,A101,A122,A143,A152,A173,2,A191,A201,female
Default,Pay Off,796,18,7511,1,4,51,1,A11,A32,A41,A65,A75,A101,A122,A143,A153,A173,2,A192,A201,male
Default,Default,805,36,9271,2,1,24,1,A11,A32,A40,A61,A74,A101,A123,A143,A152,A173,1,A192,A201,male
Default,Default,809,15,1778,2,1,26,2,A12,A30,A40,A61,A72,A101,A121,A143,A151,A171,1,A191,A201,female
Default,Pay Off,812,36,9629,4,4,24,2,A11,A34,A41,A61,A74,A101,A123,A143,A152,A173,1,A192,A201,male
Default,Default,814,48,3931,4,4,46,1,A11,A32,A40,A61,A74,A101,A124,A143,A153,A173,2,A191,A201,male
Default,Pay Off,819,18,1345,4,3,26,1,A11,A32,A43,A61,A73,A101,A121,A141,A152,A173,1,A191,A201,male
Default,Default,822,36,2712,2,2,41,1,A11,A32,A42,A61,A75,A101,A122,A141,A152,A173,2,A191,A201,male
Default,Pay Off,827,18,4165,2,2,36,2,A14,A30,A49,A61,A73,A101,A123,A142,A152,A173,2,A191,A201,male
Default,Pay Off,828,36,8335,3,4,47,1,A11,A32,A41,A65,A75,A101,A124,A143,A153,A173,1,A191,A201,male
Default,Default,831,18,1216,4,3,23,1,A11,A32,A40,A61,A72,A101,A123,A143,A151,A173,1,A192,A201,female
Default,Default,832,45,11816,2,4,29,2,A11,A30,A49,A61,A75,A101,A123,A143,A151,A173,1,A191,A201,male
Default,Default,835,12,1082,4,4,48,2,A11,A30,A40,A61,A73,A101,A123,A141,A152,A173,1,A191,A201,male
Default,Default,840,36,5179,4,2,29,1,A11,A32,A42,A61,A74,A101,A122,A143,A152,A173,1,A191,A201,male
Default,Pay Off,846,18,6761,2,4,68,2,A14,A32,A40,A65,A73,A101,A123,A143,A151,A173,1,A191,A201,male
Default,Pay Off,850,20,2235,4,2,33,2,A11,A34,A40,A61,A73,A103,A122,A141,A151,A173,1,A191,A202,male
Default,Default,853,18,1442,4,4,32,2,A11,A31,A40,A61,A74,A101,A124,A143,A153,A172,2,A191,A201,male
Default,Default,858,15,3959,3,2,29,1,A11,A32,A40,A61,A73,A101,A122,A143,A152,A173,1,A192,A201,female
Default,Pay Off,862,24,2439,4,4,35,1,A11,A32,A43,A61,A72,A101,A121,A143,A152,A173,1,A192,A201,female
Default,Pay Off,864,10,2210,2,2,25,1,A14,A32,A42,A61,A73,A101,A121,A141,A151,A172,1,A191,A201,male
Default,Default,878,9,1422,3,2,27,1,A11,A32,A40,A61,A72,A101,A124,A143,A153,A174,1,A192,A201,male
Default,Pay Off,884,24,4057,3,3,43,1,A12,A32,A42,A61,A74,A101,A123,A143,A152,A173,1,A192,A201,male
Default,Default,885,12,795,4,4,53,1,A11,A32,A46,A61,A72,A101,A122,A143,A152,A173,1,A191,A201,female
Default,Default,887,48,15672,2,2,23,1,A12,A32,A49,A61,A73,A101,A123,A143,A152,A173,1,A192,A201,male
Default,Default,899,18,4153,2,3,42,1,A11,A32,A42,A61,A73,A102,A123,A143,A152,A173,1,A191,A201,male
Default,Pay Off,900,16,2625,2,4,43,1,A11,A34,A40,A61,A75,A103,A122,A141,A151,A173,1,A192,A201,male
Default,Pay Off,911,24,4736,2,4,25,1,A12,A34,A42,A61,A72,A101,A123,A141,A152,A172,1,A191,A201,female
Default,Default,915,48,18424,1,2,32,1,A12,A30,A410,A61,A73,A101,A122,A141,A152,A174,1,A192,A202,female
Default,Pay Off,918,24,2359,1,1,33,1,A11,A32,A42,A62,A71,A101,A122,A143,A152,A173,1,A191,A201,male
Default,Default,922,9,1366,3,4,22,1,A11,A32,A43,A61,A72,A101,A122,A143,A151,A173,1,A191,A201,female
Default,Default,924,24,6872,2,1,55,1,A11,A31,A42,A61,A72,A101,A122,A141,A152,A173,1,A192,A201,male
Default,Default,925,12,697,4,2,46,2,A11,A31,A40,A61,A72,A101,A123,A141,A152,A173,1,A192,A201,male
Default,Default,927,48,10297,4,4,39,3,A11,A32,A41,A61,A74,A101,A124,A142,A153,A173,2,A192,A201,male
Default,Pay Off,931,9,1670,4,2,22,1,A12,A32,A43,A61,A72,A101,A123,A143,A152,A173,1,A192,A201,female
Default,Default,938,60,6288,4,4,42,1,A12,A32,A46,A61,A73,A101,A124,A143,A153,A173,1,A191,A201,male
Default,Default,946,24,3349,4,4,30,1,A11,A31,A42,A63,A72,A101,A124,A143,A153,A173,2,A192,A201,male
Default,Pay Off,948,18,1533,4,1,43,1,A14,A32,A42,A61,A72,A102,A122,A143,A152,A172,2,A191,A201,male
Default,Pay Off,949,24,3621,2,4,31,2,A14,A32,A43,A62,A75,A101,A123,A143,A152,A173,1,A191,A201,male
Default,Pay Off,951,36,2145,2,1,24,2,A11,A33,A49,A61,A74,A101,A123,A143,A152,A173,1,A192,A201,male
Default,Pay Off,952,24,4113,3,4,28,1,A12,A32,A41,A63,A72,A101,A123,A143,A151,A173,1,A191,A201,female
Default,Default,953,36,10974,4,2,26,2,A14,A32,A42,A61,A71,A101,A123,A143,A152,A174,1,A192,A201,female
Default,Default,958,28,4006,3,2,45,1,A11,A32,A40,A61,A73,A101,A123,A143,A152,A172,1,A191,A201,male
Default,Pay Off,963,24,2397,3,2,35,2,A14,A32,A43,A63,A75,A101,A123,A141,A152,A173,1,A192,A201,male
Default,Pay Off,966,27,2520,4,2,23,2,A12,A34,A43,A63,A73,A101,A122,A143,A152,A172,1,A191,A201,male
Default,Default,972,24,1193,1,4,29,2,A11,A31,A40,A61,A71,A102,A124,A143,A151,A171,1,A191,A201,female
Default,Default,973,60,7297,4,4,36,1,A11,A32,A49,A61,A75,A102,A124,A143,A151,A173,1,A191,A201,male
Default,Pay Off,978,24,2538,4,4,47,2,A14,A33,A40,A61,A75,A101,A123,A143,A152,A172,2,A191,A201,male
Default,Default,979,15,1264,2,2,25,1,A12,A31,A40,A62,A73,A101,A122,A143,A151,A173,1,A191,A201,male
Default,Pay Off,980,30,8386,2,2,49,1,A12,A34,A42,A61,A74,A101,A122,A143,A152,A173,1,A191,A201,male
Default,Default,983,36,8229,2,2,26,1,A11,A32,A41,A61,A73,A101,A122,A143,A152,A173,2,A191,A201,male
Default,Default,998,45,1845,4,4,23,1,A11,A32,A43,A61,A73,A101,A124,A143,A153,A173,1,A192,A201,male
Pay Off,Pay Off,0,6,1169,4,4,67,2,A11,A34,A43,A65,A75,A101,A121,A143,A152,A173,1,A192,A201,male
Pay Off,Pay Off,2,12,2096,2,3,49,1,A14,A34,A46,A61,A74,A101,A121,A143,A152,A172,2,A191,A201,male
Pay Off,Pay Off,3,42,7882,2,4,45,1,A11,A32,A42,A61,A74,A103,A122,A143,A153,A173,2,A191,A201,male
Pay Off,Pay Off,5,36,9055,2,4,35,1,A14,A32,A46,A65,A73,A101,A124,A143,A153,A172,2,A192,A201,male
Pay Off,Pay Off,6,24,2835,3,4,53,1,A14,A32,A42,A63,A75,A101,A122,A143,A152,A173,1,A191,A201,male
Pay Off,Pay Off,8,12,3059,2,4,61,1,A14,A32,A43,A64,A74,A101,A121,A143,A152,A172,1,A191,A201,male
Pay Off,Pay Off,12,12,1567,1,1,22,1,A12,A32,A43,A61,A73,A101,A123,A143,A152,A173,1,A192,A201,female
Pay Off,Default,14,15,1403,2,4,28,1,A11,A32,A40,A61,A73,A101,A123,A143,A151,A173,1,A191,A201,female
Pay Off,Pay Off,16,24,2424,4,4,53,2,A14,A34,A43,A65,A75,A101,A122,A143,A152,A173,1,A191,A201,male
Pay Off,Default,17,30,8072,2,3,25,3,A11,A30,A49,A65,A72,A101,A123,A141,A152,A173,1,A191,A201,male
Pay Off,Pay Off,19,24,3430,3,2,31,1,A14,A32,A43,A63,A75,A101,A123,A143,A152,A173,2,A192,A201,male
Pay Off,Pay Off,20,9,2134,4,4,48,3,A14,A34,A40,A61,A73,A101,A123,A143,A152,A173,1,A192,A201,male
Pay Off,Pay Off,21,6,2647,2,3,44,1,A11,A32,A43,A63,A73,A101,A121,A143,A151,A173,2,A191,A201,male
Pay Off,Pay Off,23,12,1804,3,4,44,1,A12,A34,A41,A62,A72,A101,A122,A143,A152,A173,1,A191,A201,male
Pay Off,Pay Off,24,10,2069,2,1,26,2,A14,A34,A42,A65,A73,A101,A123,A143,A152,A173,1,A191,A202,male
Pay Off,Pay Off,25,6,1374,1,2,36,1,A11,A32,A42,A61,A73,A101,A121,A141,A152,A172,1,A192,A201,male
Pay Off,Pay Off,26,6,426,4,4,39,1,A14,A30,A43,A61,A75,A101,A123,A143,A152,A172,1,A191,A201,male
Pay Off,Pay Off,27,12,409,3,3,42,2,A13,A31,A43,A64,A73,A101,A121,A143,A151,A173,1,A191,A201,female
Pay Off,Pay Off,28,7,2415,3,2,34,1,A12,A32,A43,A61,A73,A103,A121,A143,A152,A173,1,A191,A201,male
Pay Off,Pay Off,30,18,1913,3,3,36,1,A12,A32,A49,A64,A72,A101,A121,A141,A152,A173,1,A192,A201,male
Pay Off,Default,31,24,4020,2,2,27,1,A11,A32,A42,A61,A73,A101,A123,A142,A152,A173,1,A191,A201,male
Pay Off,Default,32,18,5866,2,2,30,2,A12,A32,A40,A62,A73,A101,A123,A143,A152,A173,1,A192,A201,male
Pay Off,Pay Off,33,12,1264,4,4,57,1,A14,A34,A49,A65,A75,A101,A124,A143,A151,A172,1,A191,A201,male
Pay Off,Pay Off,34,12,1474,4,1,33,1,A13,A32,A42,A61,A72,A101,A122,A141,A152,A174,1,A192,A201,female
Pay Off,Pay Off,36,48,6110,1,3,31,1,A14,A34,A46,A61,A73,A101,A124,A141,A153,A173,1,A192,A201,male
Pay Off,Pay Off,38,10,1225,2,2,37,1,A13,A32,A44,A61,A73,A101,A123,A143,A152,A173,1,A192,A201,male
Pay Off,Pay Off,39,9,458,4,3,24,1,A12,A32,A43,A61,A73,A101,A121,A143,A152,A173,1,A191,A201,male
Pay Off,Pay Off,40,30,2333,4,2,30,1,A14,A32,A43,A63,A75,A101,A123,A141,A152,A174,1,A191,A201,male
Pay Off,Pay Off,41,12,1158,3,1,26,1,A12,A32,A43,A63,A73,A101,A123,A143,A152,A173,1,A192,A201,male
Pay Off,Pay Off,42,18,6204,2,4,44,1,A12,A33,A45,A61,A73,A101,A121,A143,A152,A172,2,A192,A201,male
Pay Off,Pay Off,43,30,6187,1,4,24,2,A11,A34,A41,A62,A74,A101,A123,A143,A151,A173,1,A191,A201,male
Pay Off,Pay Off,45,11,1393,4,4,35,2,A14,A34,A40,A61,A72,A101,A123,A143,A152,A174,1,A191,A201,female
Pay Off,Pay Off,46,36,2299,4,4,39,1,A14,A32,A43,A63,A75,A101,A123,A143,A152,A173,1,A191,A201,male
Pay Off,Pay Off,48,11,7228,1,4,39,2,A14,A34,A40,A61,A73,A101,A122,A143,A152,A172,1,A191,A201,male
Pay Off,Pay Off,50,24,2333,4,2,29,1,A12,A33,A42,A65,A72,A101,A122,A141,A152,A172,1,A191,A201,male
Pay Off,Pay Off,51,27,5965,1,2,30,2,A12,A33,A41,A61,A75,A101,A123,A143,A152,A174,1,A192,A201,male
Pay Off,Pay Off,52,12,1262,3,2,25,1,A14,A32,A43,A61,A73,A101,A123,A143,A152,A173,1,A191,A201,male
Pay Off,Pay Off,53,18,3378,2,1,31,1,A14,A32,A41,A65,A73,A101,A122,A143,A152,A173,1,A192,A201,male
Pay Off,Pay Off,55,6,783,1,2,26,1,A14,A31,A40,A65,A73,A103,A121,A142,A152,A172,2,A191,A201,male
Pay Off,Pay Off,57,36,9566,2,2,31,2,A14,A34,A43,A61,A73,A101,A123,A142,A152,A173,1,A191,A201,female
Pay Off,Pay Off,58,18,1961,3,2,23,1,A13,A32,A40,A61,A75,A101,A123,A143,A152,A174,1,A191,A201,female
Pay Off,Pay Off,60,9,1391,2,1,27,1,A12,A32,A49,A61,A73,A101,A121,A141,A152,A173,1,A192,A201,male
Pay Off,Pay Off,61,15,1537,4,4,50,2,A12,A34,A43,A65,A75,A103,A121,A143,A152,A173,1,A192,A201,male
Pay Off,Pay Off,65,27,5190,4,4,48,4,A14,A32,A45,A65,A75,A101,A122,A143,A152,A173,2,A192,A201,male
Pay Off,Pay Off,70,36,8133,1,2,30,1,A14,A32,A41,A61,A73,A101,A122,A141,A152,A173,1,A191,A201,female
Pay Off,Pay Off,71,7,730,4,2,46,2,A14,A34,A43,A65,A75,A101,A122,A143,A151,A172,1,A192,A201,male
Pay Off,Pay Off,73,42,5954,2,1,41,2,A12,A34,A49,A61,A74,A101,A121,A141,A152,A172,1,A191,A201,female
Pay Off,Pay Off,75,12,1526,4,4,66,2,A11,A34,A41,A61,A75,A101,A124,A143,A153,A174,1,A191,A201,male
Pay Off,Pay Off,77,11,4771,2,4,51,1,A12,A33,A43,A61,A74,A101,A122,A143,A152,A173,1,A191,A201,male
Pay Off,Pay Off,78,54,9436,2,2,39,1,A14,A30,A41,A65,A73,A101,A122,A143,A152,A172,2,A191,A201,male
Pay Off,Pay Off,81,15,1213,4,3,47,1,A14,A32,A43,A63,A75,A101,A122,A142,A152,A173,1,A192,A201,male
Pay Off,Pay Off,82,18,1568,3,4,24,1,A14,A32,A49,A62,A73,A101,A122,A143,A151,A172,1,A191,A201,female
Pay Off,Pay Off,83,24,1755,4,4,58,1,A11,A32,A410,A61,A75,A103,A121,A143,A152,A172,1,A192,A201,female
Pay Off,Pay Off,85,12,1412,4,2,29,2,A14,A34,A49,A61,A73,A103,A121,A143,A152,A174,1,A192,A201,female
Pay Off,Pay Off,86,18,1295,4,1,27,2,A12,A34,A42,A61,A72,A101,A122,A143,A152,A173,1,A191,A201,female
Pay Off,Pay Off,88,18,2249,4,3,30,1,A11,A32,A40,A62,A74,A101,A123,A143,A152,A174,2,A192,A201,male
Pay Off,Pay Off,90,12,618,4,4,56,1,A14,A34,A43,A61,A75,A101,A121,A143,A152,A173,1,A191,A201,male
Pay Off,Pay Off,91,12,1409,4,3,54,1,A11,A34,A41,A61,A75,A101,A121,A143,A152,A173,1,A191,A201,male
Pay Off,Pay Off,93,24,3617,4,4,20,2,A13,A34,A42,A65,A75,A102,A124,A143,A151,A173,1,A191,A201,male
Pay Off,Pay Off,94,12,1318,4,4,54,1,A12,A32,A40,A64,A75,A101,A121,A143,A152,A173,1,A192,A201,male
Pay Off,Pay Off,96,12,2012,4,2,61,1,A14,A34,A46,A65,A74,A101,A123,A143,A152,A173,1,A191,A201,female
Pay Off,Pay Off,97,18,2622,4,4,34,1,A12,A32,A49,A62,A73,A101,A123,A143,A152,A173,1,A191,A201,male
Pay Off,Pay Off,98,36,2337,4,4,36,1,A12,A34,A43,A61,A75,A101,A121,A143,A152,A173,1,A191,A201,male
Pay Off,Pay Off,99,20,7057,3,4,36,2,A12,A33,A41,A65,A74,A101,A122,A141,A151,A174,2,A192,A201,male
Pay Off,Pay Off,100,24,1469,4,4,41,1,A14,A32,A40,A62,A75,A101,A121,A143,A151,A172,1,A191,A201,male
Pay Off,Default,101,36,2323,4,4,24,1,A12,A32,A43,A61,A74,A101,A123,A143,A151,A173,1,A191,A201,male
Pay Off,Pay Off,102,6,932,3,2,24,1,A14,A33,A43,A61,A73,A101,A121,A143,A152,A173,1,A191,A201,female
Pay Off,Pay Off,103,9,1919,4,3,35,1,A12,A34,A42,A61,A74,A101,A123,A143,A151,A173,1,A192,A201,male
Pay Off,Pay Off,104,12,2445,2,4,26,1,A14,A32,A41,A65,A72,A101,A123,A143,A151,A173,1,A192,A201,male
Pay Off,Pay Off,107,12,6078,2,2,32,1,A12,A32,A40,A61,A74,A101,A123,A143,A152,A173,1,A191,A201,male
Pay Off,Pay Off,108,24,7721,1,2,30,1,A11,A32,A42,A65,A72,A101,A122,A143,A152,A173,1,A192,A202,female
Pay Off,Pay Off,109,14,1410,1,2,35,1,A12,A32,A49,A63,A75,A101,A121,A143,A152,A173,1,A192,A201,male
Pay Off,Pay Off,110,6,1449,1,2,31,2,A12,A33,A49,A62,A75,A101,A123,A141,A152,A173,2,A191,A201,male
Pay Off,Pay Off,111,15,392,4,4,23,1,A13,A32,A46,A61,A72,A101,A122,A143,A151,A173,1,A192,A201,female
Pay Off,Default,112,18,6260,3,3,28,1,A12,A32,A40,A61,A74,A101,A121,A143,A151,A172,1,A191,A201,male
Pay Off,Pay Off,114,12,1680,3,1,35,1,A11,A32,A43,A63,A75,A101,A121,A143,A152,A173,1,A191,A201,male
Pay Off,Pay Off,115,48,3578,4,1,47,1,A14,A34,A43,A65,A75,A101,A121,A143,A152,A173,1,A192,A201,male
Pay Off,Pay Off,119,12,2366,3,3,36,1,A12,A34,A40,A63,A74,A101,A123,A143,A152,A174,1,A192,A201,male
Pay Off,Pay Off,121,24,3868,4,2,41,2,A14,A34,A41,A61,A75,A101,A123,A143,A151,A174,1,A192,A201,female
Pay Off,Pay Off,122,12,1768,3,2,24,1,A14,A32,A42,A61,A73,A101,A121,A143,A151,A172,1,A191,A201,male
Pay Off,Default,125,12,2121,4,2,30,2,A11,A34,A40,A61,A73,A101,A122,A143,A152,A173,1,A191,A201,male
Pay Off,Pay Off,126,12,701,4,2,40,1,A11,A32,A43,A61,A73,A101,A121,A143,A152,A172,1,A191,A201,male
Pay Off,Pay Off,130,48,8487,1,2,24,1,A12,A32,A40,A65,A74,A101,A123,A143,A152,A173,1,A191,A201,female
Pay Off,Pay Off,132,15,2708,2,3,27,2,A14,A32,A42,A61,A72,A101,A122,A141,A152,A172,1,A191,A201,male
Pay Off,Pay Off,133,18,1984,4,4,47,2,A14,A32,A42,A61,A73,A101,A124,A141,A153,A173,1,A191,A201,male
Pay Off,Pay Off,134,60,10144,2,4,21,1,A14,A32,A43,A62,A74,A101,A121,A143,A152,A173,1,A192,A201,female
Pay Off,Pay Off,135,12,1240,4,2,38,2,A14,A34,A43,A65,A75,A101,A121,A143,A152,A173,1,A192,A201,female
Pay Off,Pay Off,136,27,8613,2,2,27,2,A14,A33,A41,A64,A73,A101,A123,A143,A152,A173,1,A191,A201,male
Pay Off,Pay Off,138,15,2728,4,2,35,3,A12,A34,A43,A65,A74,A103,A121,A141,A152,A173,1,A192,A201,male
Pay Off,Pay Off,139,12,1881,2,2,44,1,A13,A32,A43,A61,A73,A101,A123,A143,A151,A172,1,A192,A201,female
Pay Off,Pay Off,140,6,709,2,2,27,1,A13,A32,A40,A64,A72,A101,A121,A143,A152,A171,1,A191,A202,male
Pay Off,Default,141,36,4795,4,1,30,1,A12,A32,A43,A61,A72,A101,A124,A143,A152,A174,1,A192,A201,female
Pay Off,Pay Off,144,21,2288,4,4,23,1,A14,A34,A42,A61,A72,A101,A122,A143,A152,A173,1,A192,A201,female
Pay Off,Pay Off,146,6,860,1,4,39,2,A11,A34,A40,A61,A75,A101,A124,A143,A152,A173,1,A192,A201,female
Pay Off,Pay Off,147,12,682,4,3,51,2,A14,A34,A40,A62,A74,A101,A123,A143,A152,A173,1,A192,A201,female
Pay Off,Pay Off,148,36,5371,3,2,28,2,A11,A34,A42,A61,A73,A103,A122,A143,A152,A173,1,A191,A201,male
Pay Off,Pay Off,150,6,1346,2,4,42,1,A14,A32,A43,A62,A75,A101,A124,A141,A153,A173,2,A192,A201,male
Pay Off,Pay Off,151,10,1924,1,4,38,1,A14,A32,A43,A61,A73,A101,A122,A143,A152,A173,1,A192,A202,male
Pay Off,Default,152,36,5848,4,1,24,1,A13,A32,A43,A61,A73,A101,A123,A143,A152,A173,1,A191,A201,male
Pay Off,Pay Off,153,24,7758,2,4,29,1,A12,A34,A41,A64,A75,A101,A124,A143,A151,A173,1,A191,A201,female
Pay Off,Pay Off,154,24,6967,4,4,36,1,A12,A33,A49,A62,A74,A101,A123,A143,A151,A174,1,A192,A201,male
Pay Off,Pay Off,156,9,1288,3,4,48,2,A11,A34,A45,A62,A75,A103,A121,A143,A152,A173,2,A191,A202,male
Pay Off,Pay Off,157,12,339,4,1,45,1,A11,A31,A48,A61,A75,A101,A123,A141,A152,A172,1,A191,A201,male
Pay Off,Pay Off,158,24,3512,2,3,38,2,A12,A32,A40,A62,A74,A101,A123,A141,A152,A173,1,A192,A201,male
Pay Off,Pay Off,159,6,1898,1,2,34,2,A14,A34,A43,A65,A73,A101,A121,A143,A152,A172,2,A191,A201,male
Pay Off,Pay Off,160,24,2872,3,4,36,1,A14,A34,A43,A62,A75,A101,A121,A143,A152,A173,2,A192,A201,male
Pay Off,Pay Off,161,18,1055,4,1,30,2,A14,A34,A40,A61,A72,A101,A122,A143,A152,A173,1,A191,A201,female
Pay Off,Pay Off,162,15,1262,4,3,36,2,A14,A32,A44,A63,A74,A101,A122,A143,A152,A173,1,A192,A201,male
Pay Off,Default,163,10,7308,2,4,70,1,A12,A32,A40,A61,A71,A101,A124,A141,A153,A174,1,A192,A201,male
Pay Off,Pay Off,165,6,2978,1,2,32,1,A14,A32,A42,A63,A73,A101,A123,A143,A152,A173,1,A192,A201,male
Pay Off,Pay Off,167,11,1577,4,1,20,1,A12,A32,A42,A64,A72,A101,A121,A143,A152,A173,1,A191,A201,female
Pay Off,Pay Off,168,24,3972,2,4,25,1,A14,A32,A42,A61,A74,A101,A122,A143,A151,A173,1,A192,A201,female
Pay Off,Pay Off,171,12,763,4,1,26,1,A14,A32,A42,A61,A73,A101,A121,A143,A152,A173,1,A192,A201,female
Pay Off,Pay Off,173,8,1414,4,2,33,1,A12,A32,A43,A61,A73,A103,A121,A143,A152,A173,1,A191,A202,male
Pay Off,Pay Off,176,12,2577,2,1,42,1,A11,A32,A42,A61,A73,A101,A123,A143,A152,A173,1,A191,A201,male
Pay Off,Pay Off,178,12,1963,4,2,31,2,A14,A32,A43,A61,A74,A101,A123,A143,A151,A174,2,A192,A201,male
Pay Off,Pay Off,179,21,571,4,4,65,2,A11,A34,A40,A61,A75,A101,A121,A143,A152,A173,1,A191,A201,male
Pay Off,Pay Off,183,24,3777,4,4,50,1,A14,A34,A42,A64,A73,A101,A121,A143,A152,A173,1,A192,A201,male
Pay Off,Pay Off,185,15,1360,4,2,31,2,A14,A34,A43,A61,A73,A101,A122,A143,A152,A173,1,A191,A201,male
Pay Off,Pay Off,193,6,2108,2,2,29,1,A14,A32,A43,A61,A74,A101,A121,A143,A151,A173,1,A191,A201,male
Pay Off,Pay Off,196,6,1382,1,1,28,2,A14,A34,A43,A61,A73,A101,A123,A143,A152,A173,1,A192,A201,female
Pay Off,Pay Off,198,24,2760,4,4,36,1,A12,A32,A41,A65,A75,A101,A124,A141,A153,A173,1,A192,A201,male
Pay Off,Pay Off,200,9,936,4,2,52,2,A14,A34,A46,A63,A75,A101,A123,A143,A152,A173,1,A192,A201,male
Pay Off,Default,201,12,1168,4,3,27,1,A11,A32,A40,A61,A73,A101,A121,A143,A152,A172,1,A191,A201,male
Pay Off,Pay Off,204,12,1495,4,1,38,2,A14,A34,A40,A61,A75,A101,A121,A143,A152,A172,2,A191,A201,male
Pay Off,Default,205,30,10623,3,4,38,3,A11,A34,A41,A61,A75,A101,A124,A143,A153,A174,2,A192,A201,male
Pay Off,Pay Off,206,12,1935,4,4,43,3,A14,A34,A42,A61,A75,A101,A121,A143,A152,A173,1,A192,A201,male
Pay Off,Pay Off,207,12,1424,4,3,26,1,A12,A34,A44,A61,A74,A101,A122,A143,A152,A173,1,A191,A201,male
Pay Off,Default,208,24,6568,2,2,21,1,A11,A32,A49,A61,A73,A101,A123,A142,A152,A172,1,A191,A201,male
Pay Off,Pay Off,209,12,1413,3,2,55,1,A14,A32,A41,A64,A74,A101,A122,A143,A152,A173,1,A191,A202,male
Pay Off,Pay Off,210,9,3074,1,2,33,2,A14,A34,A43,A65,A73,A101,A121,A143,A152,A173,2,A191,A201,male
Pay Off,Pay Off,211,36,3835,2,4,45,1,A14,A32,A43,A65,A75,A101,A121,A143,A152,A172,1,A192,A201,female
Pay Off,Pay Off,214,36,3342,4,2,51,1,A14,A34,A43,A65,A75,A101,A123,A143,A152,A173,1,A192,A201,male
Pay Off,Pay Off,215,6,932,1,3,39,2,A12,A34,A48,A65,A74,A101,A122,A143,A152,A172,1,A191,A201,female
Pay Off,Pay Off,216,18,3104,3,1,31,1,A11,A30,A49,A61,A74,A101,A122,A141,A152,A173,1,A192,A201,male
Pay Off,Pay Off,217,36,3913,2,2,23,1,A13,A32,A43,A61,A73,A101,A121,A143,A152,A173,1,A192,A201,male
Pay Off,Default,218,24,3021,2,2,24,1,A11,A32,A42,A61,A73,A101,A121,A143,A151,A172,1,A191,A201,male
Pay Off,Pay Off,220,12,625,4,1,26,1,A12,A32,A43,A61,A72,A103,A121,A141,A152,A172,1,A191,A201,male
Pay Off,Default,221,12,1200,4,4,23,1,A11,A32,A46,A65,A73,A101,A122,A141,A151,A173,1,A192,A201,female
Pay Off,Pay Off,222,12,707,4,2,30,2,A14,A32,A43,A61,A73,A101,A121,A141,A152,A173,1,A191,A201,male
Pay Off,Pay Off,223,24,2978,4,4,32,2,A14,A33,A49,A65,A73,A101,A121,A143,A152,A173,2,A192,A201,male
Pay Off,Pay Off,224,15,4657,3,2,30,1,A14,A32,A41,A61,A73,A101,A123,A143,A152,A173,1,A192,A201,male
Pay Off,Pay Off,225,36,2613,4,2,27,2,A14,A30,A45,A61,A73,A101,A123,A143,A152,A173,1,A191,A201,male
Pay Off,Default,229,24,3149,4,1,22,1,A11,A32,A42,A61,A72,A101,A124,A141,A153,A173,1,A191,A201,male
Pay Off,Pay Off,231,9,2507,2,4,51,1,A14,A32,A40,A63,A75,A101,A124,A143,A153,A172,1,A191,A201,male
Pay Off,Pay Off,232,12,2141,3,1,35,1,A14,A32,A43,A62,A74,A101,A124,A143,A152,A173,1,A191,A201,male
Pay Off,Pay Off,233,18,866,4,2,25,1,A12,A32,A43,A61,A73,A103,A121,A143,A152,A172,1,A191,A201,male
Pay Off,Pay Off,238,12,1291,4,2,35,2,A14,A34,A43,A61,A73,A101,A122,A143,A152,A173,1,A191,A201,female
Pay Off,Pay Off,239,30,2522,1,3,39,1,A11,A32,A43,A61,A75,A103,A122,A143,A152,A173,2,A191,A201,male
Pay Off,Pay Off,241,6,1595,3,2,51,1,A14,A32,A43,A61,A74,A101,A122,A143,A152,A173,2,A191,A201,male
Pay Off,Pay Off,243,12,1185,3,2,27,2,A14,A34,A49,A61,A73,A101,A121,A143,A152,A173,1,A191,A201,female
Pay Off,Pay Off,244,12,3447,4,3,35,1,A14,A31,A48,A63,A73,A101,A121,A143,A152,A172,2,A191,A201,female
Pay Off,Pay Off,245,24,1258,4,1,25,1,A14,A32,A49,A61,A74,A101,A121,A143,A152,A173,1,A192,A201,male
Pay Off,Pay Off,246,12,717,4,4,52,3,A14,A34,A43,A61,A75,A101,A121,A143,A152,A173,1,A191,A201,male
Pay Off,Pay Off,247,6,1204,4,1,35,1,A14,A30,A40,A62,A73,A101,A124,A141,A151,A173,1,A191,A202,male
Pay Off,Pay Off,248,24,1925,2,2,26,1,A13,A32,A42,A61,A73,A101,A121,A143,A152,A173,1,A191,A201,male
Pay Off,Pay Off,253,24,4151,2,3,35,2,A14,A33,A42,A62,A73,A101,A122,A143,A152,A173,1,A191,A201,male
Pay Off,Pay Off,254,9,2030,2,1,24,1,A12,A32,A42,A65,A74,A101,A123,A143,A152,A173,1,A192,A201,male
Pay Off,Pay Off,255,60,7418,1,1,27,1,A12,A33,A43,A65,A73,A101,A121,A143,A152,A172,1,A191,A201,male
Pay Off,Pay Off,256,24,2684,4,2,35,2,A14,A34,A43,A61,A73,A101,A121,A143,A152,A172,1,A191,A201,male
Pay Off,Pay Off,258,15,3812,1,4,23,1,A14,A32,A41,A62,A72,A101,A123,A143,A152,A173,1,A192,A201,female
Pay Off,Pay Off,259,11,1154,4,4,57,3,A14,A34,A43,A62,A71,A101,A121,A143,A152,A172,1,A191,A201,female
Pay Off,Pay Off,260,12,1657,2,2,27,1,A11,A32,A42,A61,A73,A101,A121,A143,A152,A173,1,A191,A201,male
Pay Off,Default,261,24,1603,4,4,55,1,A11,A32,A43,A61,A75,A101,A123,A143,A152,A173,1,A191,A201,female
Pay Off,Default,262,18,5302,2,4,36,3,A11,A34,A40,A61,A75,A101,A124,A143,A153,A174,1,A192,A201,male
Pay Off,Pay Off,263,12,2748,2,4,57,3,A14,A34,A46,A61,A75,A101,A124,A141,A153,A172,1,A191,A201,female
Pay Off,Pay Off,264,10,1231,3,4,32,2,A14,A34,A40,A61,A75,A101,A121,A143,A152,A172,2,A191,A202,male
Pay Off,Pay Off,267,24,1533,4,3,38,1,A14,A32,A43,A61,A72,A101,A123,A142,A152,A173,1,A192,A201,female
Pay Off,Pay Off,269,24,999,4,2,25,2,A14,A32,A43,A65,A75,A101,A123,A143,A152,A173,1,A191,A201,male
Pay Off,Pay Off,270,18,2662,4,3,32,1,A14,A32,A40,A65,A74,A101,A122,A143,A152,A173,1,A191,A202,male
Pay Off,Pay Off,271,12,1402,3,4,37,1,A14,A34,A42,A63,A74,A101,A123,A143,A151,A173,1,A192,A201,female
Pay Off,Default,272,48,12169,4,4,36,1,A12,A31,A40,A65,A71,A102,A124,A143,A153,A174,1,A192,A201,male
Pay Off,Pay Off,275,9,2697,1,2,32,1,A14,A32,A43,A61,A73,A101,A121,A143,A152,A173,2,A191,A201,male
Pay Off,Pay Off,276,18,2404,2,2,26,2,A14,A34,A43,A61,A73,A101,A123,A143,A152,A173,1,A191,A201,female
Pay Off,Pay Off,277,12,1262,2,4,49,1,A11,A32,A42,A65,A75,A101,A122,A143,A152,A172,1,A192,A201,male
Pay Off,Pay Off,279,24,1901,4,4,29,1,A14,A32,A43,A62,A73,A101,A123,A143,A151,A174,1,A192,A201,male
Pay Off,Pay Off,280,15,3368,3,4,23,2,A14,A34,A41,A64,A75,A101,A124,A143,A151,A173,1,A192,A201,male
Pay Off,Pay Off,282,18,1445,4,4,49,1,A13,A31,A43,A65,A74,A101,A123,A141,A152,A172,1,A191,A201,male
Pay Off,Pay Off,283,15,1520,4,4,63,1,A14,A34,A42,A65,A75,A101,A122,A143,A152,A173,1,A191,A201,male
Pay Off,Default,285,47,10722,1,1,35,1,A11,A32,A40,A61,A72,A101,A121,A143,A152,A172,1,A192,A201,female
Pay Off,Default,286,48,4788,4,3,26,1,A11,A32,A41,A61,A74,A101,A122,A143,A152,A173,2,A191,A201,male
Pay Off,Pay Off,287,48,7582,2,4,31,1,A12,A33,A410,A62,A71,A101,A124,A143,A153,A174,1,A192,A201,male
Pay Off,Pay Off,288,12,1092,4,4,49,2,A12,A32,A43,A61,A73,A103,A121,A143,A152,A173,1,A192,A201,female
Pay Off,Pay Off,290,12,1076,2,2,26,1,A14,A32,A49,A61,A73,A101,A121,A143,A152,A173,1,A192,A202,male
Pay Off,Pay Off,292,24,6419,2,4,44,2,A11,A34,A41,A61,A75,A101,A124,A143,A153,A174,2,A192,A201,female
Pay Off,Pay Off,293,42,4796,4,4,56,1,A13,A34,A41,A61,A75,A101,A124,A143,A153,A173,1,A191,A201,male
Pay Off,Pay Off,294,48,7629,4,2,46,2,A14,A34,A49,A65,A75,A101,A123,A141,A152,A174,2,A191,A201,male
Pay Off,Pay Off,297,10,1287,4,2,45,1,A14,A32,A40,A65,A75,A102,A122,A143,A152,A172,1,A191,A202,male
Pay Off,Pay Off,298,18,2515,3,4,43,1,A14,A32,A42,A61,A73,A101,A121,A143,A152,A173,1,A192,A201,male
Pay Off,Pay Off,303,10,1038,4,3,49,2,A11,A34,A40,A61,A74,A102,A122,A143,A152,A173,1,A192,A201,male
Pay Off,Pay Off,305,6,1543,4,2,33,1,A14,A32,A42,A64,A73,A101,A121,A143,A152,A173,1,A191,A201,male
Pay Off,Pay Off,306,30,4811,2,4,24,1,A14,A32,A41,A65,A74,A101,A122,A142,A151,A172,1,A191,A201,female
Pay Off,Default,309,9,276,4,4,22,1,A12,A32,A40,A61,A73,A101,A121,A143,A151,A172,1,A191,A201,male
Pay Off,Pay Off,310,48,5381,3,4,40,1,A12,A32,A410,A65,A71,A101,A124,A141,A153,A171,1,A192,A201,male
Pay Off,Pay Off,311,24,5511,4,1,25,1,A14,A32,A42,A62,A73,A101,A123,A142,A152,A173,1,A191,A201,male
Pay Off,Pay Off,312,24,3749,2,4,26,1,A13,A32,A42,A61,A72,A101,A123,A143,A152,A173,1,A191,A201,female
Pay Off,Pay Off,314,4,1494,1,2,29,1,A13,A32,A40,A65,A72,A101,A121,A143,A152,A172,2,A191,A202,male
Pay Off,Pay Off,317,24,4351,1,4,48,1,A12,A32,A42,A65,A73,A101,A122,A143,A152,A172,1,A192,A201,female
Pay Off,Pay Off,318,12,701,4,2,32,2,A14,A34,A46,A61,A73,A101,A123,A143,A152,A173,1,A191,A201,male
Pay Off,Pay Off,319,15,3643,1,4,27,2,A11,A33,A42,A61,A75,A101,A122,A143,A152,A172,1,A191,A201,female
Pay Off,Pay Off,323,18,2659,4,2,28,1,A11,A32,A42,A64,A73,A101,A123,A143,A152,A173,1,A191,A201,male
Pay Off,Pay Off,324,18,1028,4,3,36,2,A14,A34,A40,A61,A73,A101,A121,A143,A152,A173,1,A191,A201,female
Pay Off,Pay Off,325,8,3398,1,4,39,2,A11,A34,A40,A61,A74,A101,A121,A143,A152,A172,1,A191,A202,male
Pay Off,Pay Off,326,12,5801,2,4,49,1,A14,A34,A42,A65,A75,A101,A122,A143,A151,A173,1,A192,A201,male
Pay Off,Pay Off,327,24,1525,4,3,34,1,A14,A32,A40,A64,A74,A101,A123,A143,A152,A173,2,A192,A201,female
Pay Off,Pay Off,328,36,4473,4,2,31,1,A13,A32,A43,A61,A75,A101,A123,A143,A152,A173,1,A191,A201,male
Pay Off,Pay Off,329,6,1068,4,4,28,1,A12,A32,A43,A61,A75,A101,A123,A143,A152,A173,2,A191,A201,male
Pay Off,Pay Off,330,24,6615,2,4,75,2,A11,A34,A41,A61,A71,A101,A124,A143,A153,A174,1,A192,A201,male
Pay Off,Pay Off,336,13,2101,2,4,23,1,A12,A32,A43,A61,A72,A103,A122,A143,A152,A172,1,A191,A201,female
Pay Off,Default,338,24,4169,4,4,28,1,A11,A32,A42,A61,A73,A101,A122,A143,A152,A173,1,A191,A201,male
Pay Off,Pay Off,339,10,1521,4,2,31,1,A12,A32,A42,A61,A73,A101,A123,A143,A152,A172,1,A191,A201,male
Pay Off,Pay Off,340,24,5743,2,4,24,2,A12,A34,A46,A61,A72,A101,A124,A143,A153,A173,1,A192,A201,female
Pay Off,Pay Off,341,21,3599,1,4,26,1,A11,A32,A42,A61,A74,A101,A123,A143,A151,A172,1,A191,A201,female
Pay Off,Pay Off,342,18,3213,1,3,25,1,A12,A32,A43,A63,A72,A101,A121,A143,A151,A173,1,A191,A201,male
Pay Off,Pay Off,343,18,4439,1,1,33,1,A12,A32,A49,A61,A75,A102,A121,A141,A152,A174,1,A192,A201,male
Pay Off,Pay Off,344,10,3949,1,1,37,1,A13,A32,A40,A61,A72,A103,A122,A143,A152,A172,2,A191,A201,male
Pay Off,Pay Off,346,13,882,4,4,23,2,A12,A34,A43,A61,A72,A103,A121,A143,A152,A173,1,A191,A201,male
Pay Off,Pay Off,347,24,3758,1,4,23,1,A12,A32,A43,A63,A71,A101,A124,A143,A151,A171,1,A191,A201,female
Pay Off,Pay Off,348,6,1743,1,2,34,2,A14,A33,A49,A62,A73,A101,A121,A143,A152,A172,1,A191,A201,male
Pay Off,Pay Off,350,9,1236,1,4,23,1,A14,A32,A44,A61,A72,A101,A121,A143,A151,A173,1,A192,A201,female
Pay Off,Pay Off,352,18,3229,2,4,38,1,A14,A34,A41,A65,A71,A101,A124,A143,A152,A174,1,A192,A201,male
Pay Off,Pay Off,356,12,2331,1,4,49,1,A14,A34,A43,A65,A75,A102,A121,A143,A152,A173,1,A192,A201,male
Pay Off,Pay Off,358,12,776,4,2,28,1,A14,A32,A43,A61,A73,A101,A121,A143,A152,A173,1,A191,A201,male
Pay Off,Pay Off,360,18,1239,4,4,61,1,A12,A32,A46,A65,A73,A101,A124,A143,A153,A173,1,A191,A201,male
Pay Off,Pay Off,363,6,1766,1,2,21,1,A14,A32,A42,A61,A73,A101,A122,A143,A151,A173,1,A191,A201,male
Pay Off,Pay Off,365,12,1542,2,4,36,1,A14,A32,A49,A61,A74,A101,A123,A143,A152,A173,1,A192,A201,male
Pay Off,Pay Off,366,18,3850,3,1,27,2,A14,A34,A41,A61,A74,A101,A123,A143,A152,A173,1,A191,A201,male
Pay Off,Default,367,18,3650,1,4,22,1,A11,A32,A42,A61,A72,A101,A123,A143,A151,A173,1,A191,A201,female
Pay Off,Pay Off,369,18,3001,2,4,40,1,A12,A32,A42,A61,A74,A101,A121,A143,A151,A173,1,A191,A201,female
Pay Off,Pay Off,370,36,3079,4,4,36,1,A14,A32,A40,A65,A73,A101,A121,A143,A152,A173,1,A191,A201,male
Pay Off,Pay Off,371,18,6070,3,4,33,2,A14,A34,A43,A61,A75,A101,A123,A143,A152,A173,1,A192,A201,male
Pay Off,Pay Off,372,10,2146,1,3,23,2,A14,A34,A42,A61,A72,A101,A121,A143,A151,A173,1,A191,A201,female
Pay Off,Pay Off,373,60,13756,2,4,63,1,A14,A34,A40,A65,A75,A101,A124,A141,A153,A174,1,A192,A201,male
Pay Off,Pay Off,376,18,2320,2,3,34,2,A14,A33,A43,A61,A71,A101,A121,A143,A152,A173,1,A191,A201,male
Pay Off,Pay Off,377,7,846,3,4,36,1,A14,A33,A43,A65,A75,A101,A124,A143,A153,A173,1,A191,A201,male
Pay Off,Pay Off,380,20,2212,4,4,39,1,A11,A32,A42,A65,A74,A101,A123,A143,A152,A173,1,A192,A201,male
Pay Off,Pay Off,382,22,1283,4,4,25,1,A14,A32,A40,A65,A74,A101,A122,A143,A151,A173,1,A191,A201,female
Pay Off,Pay Off,383,12,1330,4,1,26,1,A13,A32,A40,A61,A72,A101,A121,A143,A152,A173,1,A191,A201,male
Pay Off,Pay Off,384,30,4272,2,2,26,2,A14,A33,A49,A62,A73,A101,A122,A143,A152,A172,1,A191,A201,male
Pay Off,Pay Off,386,18,1126,4,2,21,1,A14,A32,A43,A65,A72,A101,A121,A143,A151,A173,1,A192,A201,female
Pay Off,Default,387,18,7374,4,4,40,2,A12,A34,A42,A61,A71,A101,A122,A142,A152,A174,1,A192,A201,male
Pay Off,Pay Off,388,15,2326,2,4,27,1,A12,A34,A49,A63,A73,A101,A123,A141,A152,A173,1,A191,A201,male
Pay Off,Pay Off,389,9,1449,3,2,27,2,A14,A32,A49,A61,A74,A101,A123,A143,A152,A173,1,A191,A201,female
Pay Off,Pay Off,390,18,1820,2,2,30,1,A14,A32,A40,A61,A73,A101,A122,A143,A152,A174,1,A192,A201,male
Pay Off,Default,392,36,3249,2,4,39,1,A11,A32,A40,A61,A74,A101,A124,A141,A153,A174,2,A192,A201,male
Pay Off,Pay Off,393,6,1957,1,4,31,1,A11,A34,A43,A61,A74,A101,A123,A143,A152,A173,1,A191,A201,female
Pay Off,Pay Off,394,9,2406,2,3,31,1,A14,A34,A42,A61,A71,A101,A123,A143,A152,A174,1,A191,A201,male
Pay Off,Default,395,39,11760,2,3,32,1,A12,A33,A46,A62,A74,A101,A124,A143,A151,A173,1,A192,A201,male
Pay Off,Pay Off,397,36,2348,3,2,46,2,A11,A34,A42,A61,A73,A101,A122,A143,A152,A173,1,A192,A201,male
Pay Off,Pay Off,399,24,1516,4,1,43,2,A14,A34,A43,A64,A73,A101,A121,A143,A152,A172,1,A191,A201,female
Pay Off,Pay Off,401,18,1887,4,4,28,2,A12,A34,A49,A65,A73,A101,A121,A141,A152,A173,1,A191,A201,male
Pay Off,Pay Off,403,14,802,4,2,27,2,A14,A33,A40,A61,A73,A101,A123,A143,A152,A172,1,A191,A201,male
Pay Off,Pay Off,404,18,2899,4,4,43,1,A12,A33,A40,A65,A75,A101,A123,A143,A152,A173,2,A191,A201,male
Pay Off,Pay Off,406,24,2197,4,4,43,2,A14,A34,A41,A65,A74,A101,A123,A143,A152,A173,2,A192,A201,male
Pay Off,Pay Off,410,24,1967,4,4,20,1,A12,A32,A43,A61,A75,A101,A123,A143,A152,A173,1,A192,A201,female
Pay Off,Pay Off,411,33,7253,3,2,35,2,A14,A34,A41,A61,A74,A101,A123,A143,A152,A174,1,A192,A201,male
Pay Off,Pay Off,413,10,1597,3,2,40,1,A14,A32,A40,A63,A73,A101,A124,A143,A151,A172,2,A191,A202,male
Pay Off,Pay Off,415,36,5842,2,2,35,2,A14,A34,A41,A61,A75,A101,A122,A143,A152,A173,2,A192,A201,male
Pay Off,Default,417,18,8471,1,2,23,2,A11,A33,A46,A65,A73,A101,A123,A143,A151,A173,1,A192,A201,female
Pay Off,Pay Off,420,15,3186,2,3,20,1,A14,A32,A40,A64,A74,A101,A123,A143,A151,A173,1,A191,A201,female
Pay Off,Pay Off,421,12,2028,4,2,30,1,A12,A32,A41,A65,A73,A101,A123,A143,A152,A173,1,A191,A201,male
Pay Off,Pay Off,423,21,1591,4,3,34,2,A14,A33,A42,A62,A74,A101,A121,A143,A152,A174,1,A191,A201,male
Pay Off,Pay Off,427,18,1149,4,3,46,2,A14,A34,A43,A64,A73,A101,A121,A143,A152,A173,1,A191,A201,male
Pay Off,Pay Off,428,9,1313,1,4,20,1,A14,A32,A42,A61,A75,A101,A123,A143,A152,A173,1,A191,A201,male
Pay Off,Pay Off,430,5,3448,1,4,74,1,A14,A32,A49,A61,A74,A101,A121,A143,A152,A172,1,A191,A201,male
Pay Off,Pay Off,432,6,1872,4,4,36,3,A11,A34,A42,A61,A71,A101,A124,A143,A153,A174,1,A192,A201,male
Pay Off,Pay Off,433,24,2058,4,2,33,2,A14,A34,A45,A61,A73,A101,A121,A143,A152,A173,1,A192,A201,male
Pay Off,Pay Off,434,9,2136,3,2,25,1,A11,A32,A42,A61,A73,A101,A121,A143,A152,A173,1,A191,A201,male
Pay Off,Pay Off,436,6,660,2,4,23,1,A14,A32,A45,A63,A74,A101,A121,A143,A151,A172,1,A191,A201,male
Pay Off,Pay Off,437,24,1287,4,4,37,2,A14,A34,A40,A64,A75,A101,A121,A143,A152,A173,1,A192,A201,female
Pay Off,Default,438,42,3394,4,4,65,2,A11,A34,A45,A61,A71,A102,A123,A143,A152,A171,1,A191,A201,male
Pay Off,Pay Off,440,12,1884,4,4,39,1,A14,A32,A40,A61,A75,A101,A123,A143,A152,A174,1,A192,A201,male
Pay Off,Pay Off,442,20,2629,2,3,29,2,A12,A33,A410,A61,A73,A101,A123,A141,A152,A173,1,A192,A201,male
Pay Off,Pay Off,445,9,1244,4,4,41,2,A14,A34,A46,A65,A75,A101,A122,A143,A151,A172,1,A191,A201,female
Pay Off,Pay Off,447,7,2576,2,2,35,1,A12,A32,A43,A61,A73,A103,A121,A143,A152,A173,1,A191,A201,male
Pay Off,Pay Off,448,12,1424,3,4,55,1,A13,A32,A42,A65,A75,A101,A121,A143,A152,A174,1,A192,A201,female
Pay Off,Pay Off,451,6,518,3,1,29,1,A14,A32,A43,A61,A73,A101,A121,A143,A152,A173,1,A191,A201,female
Pay Off,Pay Off,452,12,2759,2,4,34,2,A14,A30,A42,A61,A75,A101,A122,A143,A152,A173,1,A191,A201,male
Pay Off,Pay Off,453,24,2670,4,4,35,1,A14,A32,A41,A61,A75,A101,A123,A143,A152,A174,1,A192,A201,male
Pay Off,Pay Off,455,24,2679,4,1,29,1,A14,A32,A41,A61,A72,A101,A124,A143,A152,A174,1,A192,A201,female
Pay Off,Default,456,11,3905,2,2,36,2,A11,A34,A40,A61,A73,A101,A121,A143,A151,A173,2,A191,A201,male
Pay Off,Pay Off,458,6,343,4,1,27,1,A11,A32,A44,A61,A72,A101,A121,A143,A152,A173,1,A191,A201,female
Pay Off,Pay Off,460,36,3620,1,2,37,1,A11,A32,A42,A61,A73,A103,A122,A143,A152,A173,2,A191,A201,male
Pay Off,Pay Off,461,15,1721,2,3,36,1,A11,A32,A40,A61,A72,A101,A121,A143,A152,A173,1,A191,A201,male
Pay Off,Pay Off,462,12,3017,3,1,34,1,A12,A32,A42,A61,A72,A101,A121,A143,A151,A174,1,A191,A201,female
Pay Off,Pay Off,464,18,1950,4,1,34,2,A14,A32,A49,A61,A74,A101,A123,A142,A152,A173,1,A192,A201,male
Pay Off,Pay Off,465,24,2924,3,4,63,1,A11,A32,A41,A61,A73,A103,A124,A141,A152,A173,2,A192,A201,male
Pay Off,Pay Off,467,48,7238,3,3,32,2,A14,A33,A43,A65,A75,A101,A123,A141,A152,A173,2,A191,A201,male
Pay Off,Pay Off,468,33,2764,2,2,26,2,A14,A33,A49,A61,A73,A101,A123,A143,A152,A173,1,A192,A201,female
Pay Off,Pay Off,469,24,4679,3,3,35,2,A14,A33,A41,A61,A74,A101,A123,A143,A152,A172,1,A192,A201,male
Pay Off,Pay Off,473,6,1238,4,4,36,1,A14,A32,A48,A65,A71,A101,A122,A143,A152,A174,2,A192,A201,male
Pay Off,Pay Off,476,39,2569,4,4,24,1,A14,A32,A41,A63,A73,A101,A123,A143,A152,A173,1,A191,A201,male
Pay Off,Pay Off,477,24,5152,4,2,25,1,A13,A32,A43,A61,A74,A101,A123,A141,A152,A173,1,A191,A201,male
Pay Off,Pay Off,479,15,1478,4,4,44,2,A11,A34,A42,A61,A75,A101,A123,A143,A152,A173,2,A192,A201,male
Pay Off,Pay Off,480,12,3573,1,1,23,1,A12,A34,A43,A61,A73,A101,A121,A143,A152,A172,1,A191,A201,female
Pay Off,Default,481,24,1201,4,1,26,1,A12,A32,A40,A61,A72,A101,A122,A143,A152,A173,1,A191,A201,male
Pay Off,Default,482,30,3622,4,4,57,2,A11,A32,A42,A64,A75,A101,A122,A143,A151,A173,1,A192,A201,female
Pay Off,Pay Off,483,15,960,3,2,30,2,A14,A33,A42,A64,A74,A101,A122,A143,A152,A173,1,A191,A201,female
Pay Off,Pay Off,486,12,3077,2,4,52,1,A14,A32,A43,A61,A73,A101,A123,A143,A152,A173,1,A192,A201,male
Pay Off,Pay Off,487,24,3757,4,4,62,1,A14,A32,A40,A61,A75,A102,A124,A143,A153,A173,1,A192,A201,female
Pay Off,Pay Off,488,10,1418,3,2,35,1,A14,A32,A40,A62,A73,A101,A121,A143,A151,A172,1,A191,A202,male
Pay Off,Pay Off,489,6,3518,2,3,26,1,A14,A32,A40,A61,A73,A103,A122,A143,A151,A173,1,A191,A201,male
Pay Off,Pay Off,490,12,1934,2,2,26,2,A14,A34,A43,A61,A75,A101,A124,A143,A152,A173,1,A191,A201,male
Pay Off,Pay Off,492,6,1237,1,1,27,2,A14,A34,A43,A62,A73,A101,A122,A143,A152,A173,1,A191,A201,female
Pay Off,Pay Off,493,6,368,4,4,38,1,A12,A32,A43,A65,A75,A101,A122,A143,A152,A173,1,A191,A201,male
Pay Off,Pay Off,497,24,1585,4,3,40,2,A14,A34,A42,A61,A74,A101,A122,A143,A152,A173,1,A191,A201,male
Pay Off,Pay Off,498,18,1301,4,2,32,1,A12,A32,A43,A61,A75,A103,A121,A143,A152,A172,1,A191,A201,male
Pay Off,Pay Off,499,6,1323,2,4,28,2,A13,A34,A40,A62,A75,A101,A123,A143,A152,A173,2,A192,A201,male
Pay Off,Default,501,36,5493,2,4,42,1,A11,A32,A41,A61,A75,A101,A124,A143,A153,A173,2,A191,A201,male
Pay Off,Pay Off,502,9,1126,2,4,49,1,A13,A32,A43,A62,A75,A101,A121,A143,A152,A173,1,A191,A201,male
Pay Off,Pay Off,506,15,2360,2,2,36,1,A13,A34,A41,A63,A73,A101,A123,A143,A152,A173,1,A192,A201,male
Pay Off,Pay Off,511,36,4686,2,2,32,1,A14,A32,A41,A61,A73,A101,A124,A143,A153,A174,1,A192,A201,male
Pay Off,Default,513,12,585,4,4,20,2,A12,A33,A43,A61,A73,A102,A121,A143,A151,A173,1,A191,A201,male
Pay Off,Pay Off,514,24,2255,4,1,54,1,A14,A32,A40,A65,A72,A101,A122,A143,A152,A173,1,A191,A201,male
Pay Off,Pay Off,515,6,609,4,3,37,2,A11,A34,A40,A61,A74,A101,A122,A143,A152,A173,1,A191,A202,female
Pay Off,Pay Off,516,6,1361,2,4,40,1,A11,A34,A40,A61,A72,A101,A121,A143,A152,A172,2,A191,A202,male
Pay Off,Pay Off,518,6,1203,3,2,43,1,A11,A32,A40,A62,A75,A101,A122,A143,A152,A173,1,A192,A201,male
Pay Off,Pay Off,519,6,700,4,4,36,2,A14,A34,A43,A65,A75,A101,A124,A143,A153,A173,1,A191,A201,male
Pay Off,Pay Off,520,24,5507,3,4,44,2,A14,A34,A45,A61,A75,A101,A124,A143,A153,A173,1,A191,A201,male
Pay Off,Pay Off,523,24,3488,3,4,23,1,A14,A32,A41,A62,A74,A101,A123,A143,A152,A173,1,A191,A201,female
Pay Off,Pay Off,525,26,7966,2,3,30,2,A12,A32,A41,A61,A72,A101,A123,A143,A152,A173,1,A191,A201,male
Pay Off,Pay Off,526,15,1532,4,3,31,1,A14,A34,A46,A62,A73,A101,A123,A143,A152,A173,1,A191,A201,female
Pay Off,Pay Off,529,6,662,3,4,41,1,A11,A32,A40,A61,A72,A101,A121,A143,A152,A172,2,A192,A201,male
Pay Off,Default,530,36,2273,3,1,32,2,A12,A32,A46,A61,A74,A101,A123,A143,A152,A173,2,A191,A201,male
Pay Off,Pay Off,532,12,1503,4,4,41,1,A14,A33,A41,A61,A73,A101,A121,A143,A151,A173,1,A191,A201,male
Pay Off,Pay Off,533,24,1311,4,3,26,1,A14,A32,A43,A62,A74,A101,A122,A143,A152,A173,1,A192,A201,male
Pay Off,Pay Off,537,18,3612,3,4,37,1,A12,A34,A42,A61,A75,A101,A122,A143,A152,A173,1,A192,A201,female
Pay Off,Pay Off,539,18,3049,1,1,45,1,A13,A32,A42,A61,A72,A101,A122,A142,A152,A172,1,A191,A201,female
Pay Off,Pay Off,541,24,2032,4,4,60,2,A14,A33,A40,A61,A75,A101,A124,A143,A153,A173,1,A192,A201,male
Pay Off,Pay Off,544,12,1255,4,4,61,2,A14,A34,A40,A61,A75,A101,A121,A143,A152,A172,1,A191,A201,male
Pay Off,Pay Off,546,24,2022,4,4,37,1,A14,A34,A40,A61,A73,A101,A123,A143,A152,A173,1,A192,A201,female
Pay Off,Pay Off,547,24,1552,3,1,32,1,A14,A32,A43,A61,A74,A101,A123,A141,A152,A173,2,A191,A201,male
Pay Off,Pay Off,549,48,8858,2,1,35,2,A14,A34,A41,A65,A74,A101,A124,A143,A153,A173,1,A192,A201,male
Pay Off,Pay Off,550,12,996,4,4,23,2,A14,A34,A45,A65,A74,A101,A121,A143,A152,A173,1,A191,A201,female
Pay Off,Pay Off,551,6,1750,2,4,45,1,A14,A31,A43,A63,A75,A101,A122,A141,A152,A172,2,A191,A201,male
Pay Off,Pay Off,553,12,1995,4,1,27,1,A12,A34,A40,A62,A72,A101,A123,A143,A152,A173,1,A191,A201,male
Pay Off,Pay Off,554,9,1199,4,4,67,2,A12,A32,A46,A61,A74,A101,A122,A143,A152,A174,1,A192,A201,female
Pay Off,Pay Off,560,24,2964,4,4,49,1,A11,A32,A41,A65,A75,A101,A124,A141,A153,A173,2,A192,A201,male
Pay Off,Pay Off,562,6,683,2,1,29,1,A13,A33,A43,A61,A72,A101,A122,A141,A152,A173,1,A191,A201,female
Pay Off,Pay Off,564,24,4712,4,2,37,2,A12,A33,A49,A65,A73,A101,A122,A141,A152,A174,1,A192,A201,male
Pay Off,Pay Off,565,24,1553,3,2,23,2,A12,A33,A43,A62,A74,A101,A122,A143,A151,A173,1,A192,A201,female
Pay Off,Pay Off,567,24,2578,2,2,34,1,A14,A34,A43,A64,A75,A101,A123,A143,A152,A173,1,A191,A201,male
Pay Off,Pay Off,571,30,5954,3,2,38,1,A14,A34,A43,A61,A74,A102,A123,A143,A152,A173,1,A191,A201,male
Pay Off,Pay Off,572,24,5433,2,4,26,1,A14,A32,A41,A65,A71,A101,A122,A143,A151,A174,1,A192,A201,female
Pay Off,Pay Off,573,15,806,4,4,22,1,A11,A32,A49,A61,A73,A101,A122,A143,A152,A172,1,A191,A201,female
Pay Off,Pay Off,574,9,1082,4,4,27,2,A12,A32,A43,A61,A75,A101,A123,A143,A152,A172,1,A191,A201,male
Pay Off,Pay Off,575,15,2788,2,3,24,2,A14,A34,A42,A61,A74,A102,A123,A141,A152,A173,1,A191,A201,female
Pay Off,Pay Off,576,12,2930,2,1,27,1,A12,A32,A43,A61,A74,A101,A121,A143,A152,A173,1,A191,A201,female
Pay Off,Pay Off,577,24,1927,3,2,33,2,A14,A34,A46,A65,A73,A101,A123,A143,A152,A173,1,A192,A201,female
Pay Off,Pay Off,584,12,2133,4,4,52,1,A14,A32,A40,A65,A75,A101,A124,A143,A153,A174,1,A192,A201,female
Pay Off,Default,586,9,2799,2,2,36,2,A11,A34,A40,A61,A73,A101,A121,A143,A151,A173,2,A191,A201,male
Pay Off,Pay Off,587,12,1289,4,1,21,1,A11,A32,A42,A61,A73,A103,A122,A143,A152,A172,1,A191,A201,male
Pay Off,Default,591,24,1965,4,4,42,2,A12,A33,A40,A65,A73,A101,A123,A143,A151,A173,1,A192,A201,female
Pay Off,Pay Off,592,21,1572,4,4,36,1,A14,A32,A49,A64,A75,A101,A121,A141,A152,A172,1,A191,A201,female
Pay Off,Pay Off,599,24,3863,1,2,32,1,A14,A33,A49,A61,A73,A101,A124,A143,A153,A173,1,A191,A201,male
Pay Off,Pay Off,604,10,1275,4,2,23,1,A13,A32,A42,A61,A72,A101,A122,A143,A152,A173,1,A191,A201,female
Pay Off,Default,605,24,2828,4,4,22,1,A11,A31,A42,A63,A73,A101,A121,A142,A152,A173,1,A192,A201,male
Pay Off,Pay Off,606,24,4526,3,2,74,1,A14,A34,A49,A61,A73,A101,A121,A143,A152,A174,1,A192,A201,male
Pay Off,Pay Off,609,15,1300,4,4,45,1,A14,A32,A41,A65,A75,A101,A124,A141,A153,A173,2,A191,A201,male
Pay Off,Pay Off,612,21,3357,4,2,29,1,A11,A32,A43,A64,A72,A101,A123,A141,A152,A173,1,A191,A201,female
Pay Off,Default,615,48,12204,2,2,48,1,A12,A30,A49,A65,A73,A101,A123,A141,A152,A174,1,A192,A201,male
Pay Off,Pay Off,625,15,1979,4,2,35,1,A14,A32,A43,A65,A75,A101,A123,A143,A152,A173,1,A191,A201,male
Pay Off,Pay Off,628,42,4042,4,4,36,2,A14,A34,A42,A63,A73,A101,A121,A143,A152,A173,1,A192,A201,male
Pay Off,Pay Off,629,9,3832,1,4,64,1,A14,A32,A46,A65,A75,A101,A121,A143,A152,A172,1,A191,A201,male
Pay Off,Default,630,24,3660,2,4,28,1,A11,A32,A43,A61,A73,A101,A123,A143,A152,A173,1,A191,A201,female
Pay Off,Pay Off,632,15,1444,4,1,23,1,A12,A32,A43,A65,A72,A101,A122,A143,A152,A173,1,A191,A201,male
Pay Off,Pay Off,635,12,1393,4,4,47,3,A14,A32,A46,A61,A75,A101,A122,A141,A152,A173,2,A192,A201,male
Pay Off,Pay Off,643,24,1851,4,2,33,2,A14,A34,A43,A61,A74,A103,A123,A143,A152,A173,1,A192,A201,male
Pay Off,Pay Off,646,30,4583,2,2,32,2,A11,A30,A42,A61,A73,A103,A121,A143,A152,A173,1,A191,A201,male
Pay Off,Default,650,48,7476,4,1,50,1,A11,A32,A46,A61,A74,A101,A124,A143,A153,A174,1,A192,A201,male
Pay Off,Default,655,14,3973,1,4,22,1,A11,A32,A40,A61,A71,A101,A124,A143,A153,A173,1,A191,A201,male
Pay Off,Pay Off,657,48,10222,4,3,37,1,A14,A32,A43,A65,A74,A101,A123,A142,A152,A173,1,A192,A201,male
Pay Off,Default,658,30,4221,2,1,28,2,A12,A30,A49,A61,A73,A101,A123,A143,A152,A173,1,A191,A201,female
Pay Off,Pay Off,659,18,6361,2,1,41,1,A12,A34,A42,A61,A75,A101,A124,A143,A152,A173,1,A192,A201,male
Pay Off,Pay Off,660,12,1297,3,4,23,1,A13,A32,A43,A61,A73,A101,A121,A143,A151,A173,1,A191,A201,male
Pay Off,Pay Off,662,21,2241,4,2,50,2,A14,A32,A42,A61,A75,A101,A121,A143,A152,A173,1,A191,A201,male
Pay Off,Pay Off,663,6,1050,4,1,35,2,A12,A33,A42,A61,A71,A101,A122,A142,A152,A174,1,A192,A201,male
Pay Off,Pay Off,664,6,1047,2,4,50,1,A13,A34,A46,A61,A73,A101,A122,A143,A152,A172,1,A191,A201,female
Pay Off,Pay Off,665,24,6314,4,2,27,2,A14,A34,A410,A61,A71,A102,A124,A141,A152,A174,1,A192,A201,male
Pay Off,Pay Off,667,48,3609,1,1,27,1,A14,A31,A49,A61,A73,A101,A121,A142,A152,A173,1,A191,A201,female
Pay Off,Pay Off,669,30,3017,4,4,47,1,A13,A34,A43,A61,A75,A101,A122,A143,A152,A173,1,A191,A201,male
Pay Off,Pay Off,670,24,4139,3,3,27,2,A14,A34,A49,A62,A73,A101,A122,A143,A152,A172,1,A192,A201,male
Pay Off,Pay Off,671,36,5742,2,2,31,2,A14,A32,A49,A62,A74,A101,A123,A143,A152,A173,1,A192,A201,male
Pay Off,Pay Off,673,6,2080,1,2,24,1,A14,A34,A40,A63,A73,A101,A123,A143,A152,A173,1,A191,A201,male
Pay Off,Pay Off,675,30,4530,4,4,26,1,A14,A34,A43,A61,A74,A101,A123,A143,A151,A174,1,A192,A201,female
Pay Off,Pay Off,676,24,5150,4,4,33,1,A14,A34,A42,A61,A75,A101,A123,A143,A152,A173,1,A192,A201,male
Pay Off,Default,678,24,2384,4,4,64,1,A11,A32,A43,A61,A75,A101,A121,A141,A151,A172,1,A191,A201,male
Pay Off,Pay Off,679,18,1453,3,1,26,1,A14,A32,A43,A61,A72,A101,A121,A143,A152,A173,1,A191,A201,female
Pay Off,Pay Off,681,12,2279,4,4,37,1,A14,A32,A43,A65,A73,A101,A124,A143,A153,A173,1,A192,A201,male
Pay Off,Pay Off,684,36,9857,1,3,31,2,A12,A33,A49,A62,A74,A101,A122,A143,A152,A172,2,A192,A201,male
Pay Off,Default,685,60,6527,4,4,34,1,A14,A32,A40,A65,A73,A101,A124,A143,A153,A173,2,A192,A201,male
Pay Off,Default,687,36,2862,4,3,30,1,A12,A33,A40,A62,A75,A101,A124,A143,A153,A173,1,A191,A201,male
Pay Off,Pay Off,688,9,2753,3,4,35,1,A14,A32,A43,A62,A75,A102,A123,A143,A152,A173,1,A192,A201,male
Pay Off,Pay Off,689,12,3651,1,3,31,1,A11,A32,A40,A64,A73,A101,A122,A143,A152,A173,2,A191,A201,male
Pay Off,Pay Off,690,15,975,2,3,25,2,A11,A34,A42,A61,A73,A101,A122,A143,A152,A173,1,A191,A201,male
Pay Off,Pay Off,691,15,2631,3,2,25,1,A12,A32,A45,A62,A73,A101,A121,A143,A152,A172,1,A191,A201,female
Pay Off,Pay Off,692,24,2896,2,1,29,1,A12,A32,A43,A62,A72,A101,A123,A143,A152,A173,1,A191,A201,male
Pay Off,Pay Off,693,6,4716,1,3,44,2,A11,A34,A40,A65,A72,A101,A121,A143,A152,A172,2,A191,A201,male
Pay Off,Pay Off,694,24,2284,4,2,28,1,A14,A32,A43,A61,A74,A101,A123,A143,A152,A173,1,A192,A201,male
Pay Off,Pay Off,696,12,1103,4,3,29,2,A12,A32,A43,A61,A74,A103,A121,A143,A152,A173,1,A191,A202,male
Pay Off,Pay Off,698,18,1800,4,2,24,2,A14,A34,A43,A61,A73,A101,A123,A143,A152,A173,1,A191,A201,male
Pay Off,Pay Off,699,15,1905,4,4,40,1,A13,A32,A46,A61,A75,A101,A123,A143,A151,A174,1,A192,A201,male
Pay Off,Pay Off,702,24,1377,4,2,47,1,A13,A32,A43,A62,A75,A101,A124,A143,A153,A173,1,A192,A201,female
Pay Off,Default,704,27,2528,4,1,32,1,A12,A32,A49,A61,A72,A101,A122,A143,A152,A173,2,A192,A201,female
Pay Off,Pay Off,705,15,5324,1,4,35,1,A14,A32,A40,A63,A75,A101,A124,A143,A153,A173,1,A191,A201,female
Pay Off,Pay Off,709,9,2118,2,2,37,1,A12,A32,A43,A61,A73,A101,A121,A143,A152,A172,2,A191,A201,male
Pay Off,Pay Off,710,18,629,4,3,32,2,A14,A34,A43,A63,A75,A101,A122,A141,A152,A174,1,A192,A201,male
Pay Off,Pay Off,713,9,1138,4,4,25,2,A11,A34,A43,A61,A73,A101,A121,A143,A152,A172,1,A191,A201,male
Pay Off,Pay Off,715,30,7596,1,4,63,2,A14,A34,A41,A65,A75,A101,A123,A143,A152,A173,1,A191,A201,male
Pay Off,Pay Off,716,30,3077,3,2,40,2,A14,A34,A43,A65,A75,A101,A123,A143,A152,A173,2,A192,A201,male
Pay Off,Pay Off,717,18,1505,4,2,32,1,A14,A32,A43,A61,A73,A101,A124,A143,A153,A174,1,A192,A201,male
Pay Off,Pay Off,719,20,6148,3,4,31,2,A12,A30,A41,A62,A75,A101,A123,A141,A152,A173,1,A192,A201,male
Pay Off,Pay Off,725,6,250,2,2,41,2,A14,A34,A40,A64,A73,A101,A121,A141,A152,A172,1,A191,A201,female
Pay Off,Pay Off,726,15,1316,2,2,47,2,A14,A34,A43,A63,A73,A101,A122,A143,A152,A172,1,A191,A201,male
Pay Off,Pay Off,729,24,1275,2,4,36,2,A13,A34,A49,A64,A73,A101,A121,A143,A152,A173,1,A192,A201,male
Pay Off,Pay Off,732,8,760,4,2,44,1,A12,A32,A43,A61,A74,A103,A121,A143,A152,A172,1,A191,A201,female
Pay Off,Pay Off,733,24,2603,2,4,28,1,A14,A32,A41,A64,A73,A101,A123,A143,A151,A173,1,A192,A201,female
Pay Off,Default,735,36,3990,3,2,29,1,A12,A31,A44,A65,A72,A101,A124,A141,A152,A171,1,A191,A201,female
Pay Off,Pay Off,738,6,6761,1,3,45,2,A14,A34,A40,A61,A74,A101,A124,A143,A152,A174,2,A192,A201,male
Pay Off,Pay Off,741,10,1048,4,4,23,1,A12,A31,A43,A61,A73,A101,A121,A142,A152,A172,1,A191,A201,male
Pay Off,Default,743,24,2483,4,4,22,1,A11,A31,A42,A63,A73,A101,A121,A142,A152,A173,1,A192,A201,male
Pay Off,Pay Off,744,39,14179,4,4,30,2,A11,A34,A42,A65,A74,A101,A122,A143,A152,A174,1,A192,A201,male
Pay Off,Default,746,15,2511,1,4,23,1,A11,A32,A40,A61,A71,A101,A123,A143,A151,A173,1,A191,A201,female
Pay Off,Pay Off,749,15,3029,2,2,33,1,A14,A32,A41,A61,A74,A101,A123,A143,A152,A173,1,A191,A201,male
Pay Off,Pay Off,750,6,428,2,1,49,1,A11,A32,A42,A61,A75,A101,A122,A141,A152,A173,1,A192,A201,female
Pay Off,Pay Off,752,12,841,2,4,23,1,A12,A32,A49,A62,A74,A101,A121,A143,A151,A172,1,A191,A201,female
Pay Off,Pay Off,753,30,5771,4,2,25,2,A14,A34,A43,A61,A74,A101,A123,A143,A152,A173,1,A191,A201,female
Pay Off,Pay Off,756,6,1299,1,1,74,3,A13,A34,A40,A61,A73,A101,A121,A143,A152,A171,2,A191,A202,male
Pay Off,Pay Off,760,15,5045,1,4,59,1,A14,A34,A40,A65,A75,A101,A123,A143,A152,A173,1,A192,A201,female
Pay Off,Pay Off,765,12,1155,3,3,40,2,A12,A32,A43,A61,A75,A103,A121,A141,A152,A172,1,A191,A201,male
Pay Off,Pay Off,768,12,3617,1,4,28,3,A12,A34,A42,A61,A75,A101,A123,A143,A151,A173,1,A192,A201,male
Pay Off,Pay Off,769,12,1655,2,4,63,2,A14,A34,A43,A61,A75,A101,A121,A143,A152,A172,1,A192,A201,male
Pay Off,Pay Off,770,24,2812,2,4,26,1,A11,A32,A41,A65,A75,A101,A121,A143,A151,A173,1,A191,A201,female
Pay Off,Pay Off,772,21,3275,1,4,36,1,A14,A34,A41,A61,A75,A101,A123,A143,A152,A174,1,A192,A201,male
Pay Off,Pay Off,773,24,2223,4,4,52,2,A14,A34,A43,A62,A75,A101,A122,A141,A152,A173,1,A191,A201,male
Pay Off,Pay Off,774,12,1480,2,4,66,3,A13,A34,A40,A63,A71,A101,A124,A141,A153,A171,1,A191,A201,male
Pay Off,Pay Off,776,36,3535,4,4,37,2,A14,A34,A40,A61,A74,A101,A123,A143,A152,A173,1,A192,A201,male
Pay Off,Pay Off,777,18,3509,4,1,25,1,A11,A32,A43,A61,A74,A103,A121,A143,A152,A173,1,A191,A201,female
Pay Off,Pay Off,778,36,5711,4,2,38,2,A14,A34,A41,A64,A75,A101,A123,A143,A152,A174,1,A192,A201,male
Pay Off,Pay Off,779,18,3872,2,4,67,1,A12,A32,A45,A61,A71,A101,A123,A143,A152,A173,1,A192,A201,female
Pay Off,Pay Off,781,24,1940,4,4,60,1,A14,A34,A40,A64,A75,A101,A121,A143,A152,A173,1,A192,A201,male
Pay Off,Pay Off,782,12,1410,2,2,31,1,A12,A30,A48,A61,A73,A101,A121,A143,A152,A172,1,A192,A201,male
Pay Off,Pay Off,784,20,6468,1,4,60,1,A12,A32,A41,A65,A71,A101,A121,A143,A152,A174,1,A192,A201,male
Pay Off,Pay Off,785,18,1941,4,2,35,1,A12,A32,A49,A64,A73,A101,A122,A143,A152,A172,1,A192,A201,male
Pay Off,Pay Off,791,24,6313,3,4,41,1,A14,A32,A41,A65,A75,A101,A123,A143,A152,A174,2,A192,A201,male
Pay Off,Pay Off,792,6,1221,1,2,27,2,A14,A34,A42,A65,A73,A101,A122,A143,A152,A173,1,A191,A201,male
Pay Off,Pay Off,795,9,2301,2,4,22,1,A14,A32,A42,A62,A72,A101,A122,A143,A151,A173,1,A191,A201,female
Pay Off,Pay Off,797,12,1258,2,4,22,2,A14,A34,A42,A61,A72,A101,A122,A143,A151,A172,1,A191,A201,female
Pay Off,Pay Off,798,24,717,4,4,54,2,A14,A33,A40,A65,A75,A101,A123,A143,A152,A173,1,A192,A201,male
Pay Off,Pay Off,799,9,1549,4,2,35,1,A12,A32,A40,A65,A72,A101,A121,A143,A152,A171,1,A191,A201,male
Pay Off,Pay Off,801,18,1795,3,4,48,2,A12,A34,A43,A61,A75,A103,A121,A141,A151,A172,1,A192,A201,female
Pay Off,Pay Off,802,20,4272,1,4,24,2,A11,A34,A42,A61,A75,A101,A122,A143,A152,A173,1,A191,A201,female
Pay Off,Pay Off,803,12,976,4,4,35,2,A14,A34,A43,A65,A75,A101,A123,A143,A152,A173,1,A191,A201,male
Pay Off,Pay Off,804,12,7472,1,2,24,1,A12,A32,A40,A65,A71,A101,A121,A143,A151,A171,1,A191,A201,female
Pay Off,Pay Off,806,6,590,3,3,26,1,A12,A32,A43,A61,A72,A101,A121,A143,A152,A172,1,A191,A202,male
Pay Off,Default,808,42,9283,1,2,55,1,A12,A31,A41,A61,A71,A101,A124,A141,A153,A174,1,A192,A201,male
Pay Off,Pay Off,810,8,907,3,2,26,1,A12,A32,A49,A61,A72,A101,A121,A143,A152,A173,1,A192,A201,male
Pay Off,Pay Off,811,6,484,3,3,28,1,A12,A32,A43,A61,A74,A103,A121,A141,A152,A172,1,A191,A201,male
Pay Off,Pay Off,816,6,1338,1,4,62,1,A14,A32,A44,A63,A73,A101,A121,A143,A152,A173,1,A191,A201,male
Pay Off,Pay Off,817,6,1554,1,2,24,2,A14,A34,A43,A61,A74,A101,A123,A143,A151,A173,1,A192,A201,female
Pay Off,Pay Off,820,12,1101,3,2,27,2,A14,A32,A40,A61,A73,A101,A121,A143,A152,A173,1,A192,A201,male
Pay Off,Pay Off,821,12,3016,3,1,24,1,A13,A32,A43,A61,A73,A101,A123,A143,A152,A173,1,A191,A201,male
Pay Off,Pay Off,823,8,731,4,4,47,2,A11,A34,A40,A61,A75,A101,A121,A143,A152,A172,1,A191,A201,male
Pay Off,Pay Off,824,18,3780,3,2,35,2,A14,A34,A42,A61,A72,A101,A123,A143,A152,A174,1,A192,A201,male
Pay Off,Pay Off,825,21,1602,4,3,30,2,A11,A34,A40,A61,A75,A101,A123,A143,A152,A173,1,A192,A201,male
Pay Off,Pay Off,830,24,2375,4,2,44,2,A14,A33,A49,A63,A73,A101,A123,A143,A152,A173,2,A192,A201,male
Pay Off,Pay Off,833,24,5084,2,4,42,1,A12,A32,A43,A65,A75,A101,A123,A143,A152,A173,1,A192,A201,female
Pay Off,Pay Off,836,12,886,4,2,21,1,A14,A32,A43,A65,A73,A101,A123,A143,A152,A173,1,A191,A201,female
Pay Off,Pay Off,837,4,601,1,3,23,1,A14,A32,A42,A61,A72,A101,A121,A143,A151,A172,2,A191,A201,female
Pay Off,Pay Off,838,24,2957,4,4,63,2,A11,A34,A41,A61,A75,A101,A122,A143,A152,A173,1,A192,A201,male
Pay Off,Pay Off,839,24,2611,4,3,46,2,A14,A34,A43,A61,A75,A102,A121,A143,A152,A173,1,A191,A201,male
Pay Off,Pay Off,847,24,1249,4,2,28,1,A14,A32,A40,A61,A72,A101,A121,A143,A152,A173,1,A191,A201,male
Pay Off,Pay Off,848,9,1364,3,4,59,1,A11,A32,A43,A61,A74,A101,A121,A143,A152,A173,1,A191,A201,male
Pay Off,Pay Off,851,24,4042,3,4,43,2,A14,A34,A41,A65,A74,A101,A122,A143,A152,A173,1,A192,A201,male
Pay Off,Pay Off,852,15,1471,4,4,35,2,A14,A34,A43,A61,A73,A101,A124,A143,A153,A173,1,A192,A201,male
Pay Off,Pay Off,855,24,1474,4,3,33,1,A14,A32,A40,A62,A72,A101,A121,A143,A152,A173,1,A192,A201,male
Pay Off,Pay Off,856,10,894,4,3,40,1,A14,A32,A48,A65,A74,A101,A122,A143,A152,A173,1,A192,A201,female
Pay Off,Pay Off,857,15,3343,4,2,28,1,A14,A34,A42,A61,A73,A101,A124,A143,A153,A173,1,A192,A201,male
Pay Off,Pay Off,859,9,3577,1,2,26,1,A14,A32,A40,A62,A73,A103,A121,A143,A151,A173,2,A191,A202,male
Pay Off,Pay Off,860,24,5804,4,2,27,2,A14,A34,A41,A64,A73,A101,A121,A143,A152,A173,1,A191,A201,male
Pay Off,Pay Off,865,15,2221,2,4,20,1,A14,A32,A42,A63,A73,A101,A123,A143,A151,A173,1,A191,A201,female
Pay Off,Default,866,18,2389,4,1,27,1,A11,A32,A43,A61,A72,A101,A123,A142,A152,A173,1,A191,A201,female
Pay Off,Pay Off,867,12,3331,2,4,42,1,A14,A34,A42,A61,A75,A101,A122,A142,A152,A173,1,A191,A201,male
Pay Off,Pay Off,868,36,7409,3,2,37,2,A14,A32,A49,A65,A75,A101,A122,A143,A152,A173,1,A191,A201,male
Pay Off,Pay Off,870,36,7678,2,4,40,2,A14,A33,A42,A63,A74,A101,A123,A143,A152,A173,1,A192,A201,female
Pay Off,Pay Off,871,6,1343,1,4,46,2,A13,A34,A40,A61,A75,A101,A121,A143,A152,A173,2,A191,A202,male
Pay Off,Pay Off,873,15,874,4,1,24,1,A14,A32,A44,A65,A72,A101,A121,A143,A152,A173,1,A191,A201,female
Pay Off,Default,876,18,1940,3,4,36,1,A11,A31,A43,A61,A72,A102,A124,A141,A153,A174,1,A192,A201,male
Pay Off,Pay Off,879,30,6742,2,3,36,2,A14,A34,A43,A65,A74,A101,A122,A143,A152,A173,1,A191,A201,male
Pay Off,Pay Off,880,24,7814,3,3,38,1,A14,A32,A41,A61,A74,A101,A123,A143,A152,A174,1,A192,A201,male
Pay Off,Pay Off,881,24,9277,2,4,48,1,A14,A32,A41,A65,A73,A101,A124,A143,A153,A173,1,A192,A201,male
Pay Off,Pay Off,882,30,2181,4,4,36,2,A12,A34,A40,A65,A75,A101,A121,A143,A152,A173,1,A191,A201,male
Pay Off,Pay Off,883,18,1098,4,4,65,2,A14,A34,A43,A61,A71,A101,A123,A143,A152,A171,1,A191,A201,female
Pay Off,Pay Off,886,24,2825,4,3,34,2,A12,A34,A49,A65,A74,A101,A124,A143,A152,A173,2,A192,A201,male
Pay Off,Pay Off,889,28,7824,3,4,40,2,A14,A31,A41,A65,A72,A103,A121,A141,A151,A173,2,A192,A201,male
Pay Off,Default,890,27,2442,4,4,43,4,A11,A34,A49,A61,A75,A101,A123,A142,A152,A174,2,A192,A201,male
Pay Off,Pay Off,891,15,1829,4,4,46,2,A14,A34,A43,A61,A75,A101,A123,A143,A152,A173,1,A192,A201,male
Pay Off,Pay Off,892,12,2171,4,4,38,2,A11,A34,A40,A61,A73,A101,A122,A141,A152,A172,1,A191,A202,male
Pay Off,Pay Off,893,36,5800,3,4,34,2,A12,A34,A41,A61,A73,A101,A123,A143,A152,A173,1,A192,A201,male
Pay Off,Pay Off,894,18,1169,4,3,29,2,A14,A34,A43,A65,A73,A101,A122,A143,A152,A173,1,A192,A201,male
Pay Off,Pay Off,895,36,8947,3,2,31,1,A14,A33,A41,A65,A74,A101,A123,A142,A152,A174,2,A192,A201,male
Pay Off,Default,896,21,2606,4,4,28,1,A11,A32,A43,A61,A72,A101,A122,A143,A151,A174,1,A192,A201,female
Pay Off,Pay Off,897,12,1592,3,2,35,1,A14,A34,A42,A64,A74,A101,A122,A143,A152,A173,1,A191,A202,female
Pay Off,Pay Off,898,15,2186,1,4,33,1,A14,A32,A42,A65,A74,A101,A121,A141,A151,A172,1,A191,A201,female
Pay Off,Pay Off,901,20,3485,2,4,44,2,A14,A34,A40,A65,A72,A101,A121,A143,A152,A173,1,A192,A201,male
Pay Off,Pay Off,902,36,10477,2,4,42,2,A14,A34,A41,A65,A75,A101,A124,A143,A153,A173,1,A191,A201,male
Pay Off,Pay Off,903,15,1386,4,2,40,1,A14,A32,A43,A65,A73,A101,A121,A143,A151,A173,1,A192,A201,male
Pay Off,Pay Off,904,24,1278,4,1,36,1,A14,A32,A43,A61,A75,A101,A121,A143,A152,A174,1,A192,A201,male
Pay Off,Pay Off,906,21,3763,2,2,24,1,A11,A32,A40,A65,A74,A102,A121,A143,A152,A172,1,A191,A202,male
Pay Off,Pay Off,907,36,3711,2,2,27,1,A12,A32,A46,A65,A73,A101,A123,A143,A152,A173,1,A191,A201,male
Pay Off,Pay Off,909,9,3195,1,2,33,1,A12,A32,A40,A65,A73,A101,A121,A143,A152,A172,1,A191,A201,female
Pay Off,Pay Off,910,36,4454,4,4,34,2,A14,A33,A43,A61,A73,A101,A121,A143,A152,A173,1,A191,A201,female
Pay Off,Pay Off,912,30,2991,2,4,25,1,A12,A32,A43,A65,A75,A101,A123,A143,A152,A173,1,A191,A201,female
Pay Off,Pay Off,913,11,2142,1,2,28,1,A14,A32,A49,A64,A75,A101,A121,A143,A152,A173,1,A192,A201,male
Pay Off,Pay Off,916,10,2848,1,2,32,1,A14,A32,A41,A62,A73,A102,A121,A143,A152,A173,2,A191,A201,male
Pay Off,Pay Off,921,48,12749,4,1,37,1,A14,A33,A43,A63,A74,A101,A123,A143,A152,A174,1,A192,A201,male
Pay Off,Pay Off,928,30,1867,4,4,58,1,A14,A32,A43,A65,A75,A101,A123,A143,A152,A173,1,A192,A201,male
Pay Off,Default,929,12,1344,4,2,43,2,A11,A33,A40,A61,A73,A101,A121,A143,A152,A172,2,A191,A201,male
Pay Off,Default,930,24,1747,4,1,24,1,A11,A32,A42,A61,A72,A102,A122,A143,A152,A172,1,A191,A202,male
Pay Off,Pay Off,932,9,1224,3,1,30,2,A14,A34,A40,A61,A73,A101,A121,A143,A152,A173,1,A191,A201,male
Pay Off,Pay Off,933,12,522,4,4,42,2,A14,A34,A43,A63,A75,A101,A122,A143,A152,A173,2,A192,A201,male
Pay Off,Default,934,12,1498,4,1,23,1,A11,A32,A43,A61,A73,A101,A123,A141,A152,A173,1,A191,A201,female
Pay Off,Pay Off,937,6,2063,4,3,30,1,A12,A32,A43,A61,A72,A101,A123,A143,A151,A174,1,A192,A201,male
Pay Off,Pay Off,939,24,6842,2,4,46,2,A14,A34,A41,A65,A73,A101,A122,A143,A152,A174,2,A192,A201,male
Pay Off,Pay Off,940,12,3527,2,3,45,1,A14,A32,A40,A65,A72,A101,A122,A143,A152,A174,2,A192,A201,male
Pay Off,Pay Off,941,10,1546,3,2,31,1,A14,A32,A40,A61,A73,A101,A121,A143,A152,A172,2,A191,A202,male
Pay Off,Pay Off,942,24,929,4,2,31,1,A14,A32,A42,A65,A74,A101,A123,A142,A152,A173,1,A192,A201,male
Pay Off,Pay Off,943,4,1455,2,1,42,3,A14,A34,A40,A61,A74,A101,A121,A143,A152,A172,2,A191,A201,male
Pay Off,Default,944,15,1845,4,1,46,1,A11,A32,A42,A61,A72,A103,A122,A143,A151,A173,1,A191,A201,female
Pay Off,Default,945,48,8358,1,1,30,2,A12,A30,A40,A63,A72,A101,A123,A143,A152,A173,1,A191,A201,female
Pay Off,Pay Off,950,18,3590,3,3,40,3,A12,A34,A49,A61,A71,A101,A123,A143,A152,A171,2,A192,A201,male
Pay Off,Pay Off,955,24,1231,4,4,57,2,A11,A34,A43,A64,A75,A101,A122,A143,A151,A174,1,A192,A201,female
Pay Off,Pay Off,956,30,3656,4,4,49,2,A13,A34,A43,A65,A75,A101,A122,A142,A152,A172,1,A191,A201,male
Pay Off,Pay Off,957,9,1154,2,4,37,3,A12,A34,A43,A61,A75,A101,A121,A143,A152,A172,1,A191,A201,male
Pay Off,Pay Off,959,24,3069,4,4,30,1,A12,A32,A42,A62,A75,A101,A124,A143,A153,A173,1,A191,A201,male
Pay Off,Pay Off,960,6,1740,2,2,30,2,A14,A34,A43,A61,A75,A101,A121,A143,A151,A173,1,A191,A201,male
Pay Off,Pay Off,962,15,3556,3,2,29,1,A14,A32,A40,A65,A73,A101,A124,A143,A152,A173,1,A191,A201,male
Pay Off,Pay Off,964,6,454,3,1,22,1,A12,A32,A45,A61,A72,A101,A122,A143,A152,A172,1,A191,A201,male
Pay Off,Pay Off,965,30,1715,4,1,26,1,A12,A32,A43,A65,A73,A101,A123,A143,A152,A173,1,A191,A201,female
Pay Off,Pay Off,967,15,3568,4,2,54,1,A14,A32,A43,A61,A75,A101,A123,A141,A151,A174,1,A192,A201,female
Pay Off,Pay Off,968,42,7166,2,4,29,1,A14,A32,A43,A65,A74,A101,A122,A143,A151,A173,1,A192,A201,male
Pay Off,Pay Off,969,11,3939,1,2,40,2,A11,A34,A40,A61,A73,A101,A121,A143,A152,A172,2,A191,A201,male
Pay Off,Pay Off,970,15,1514,4,2,22,1,A12,A32,A45,A62,A73,A103,A121,A143,A152,A173,1,A191,A201,male
Pay Off,Pay Off,971,24,7393,1,4,43,1,A14,A32,A40,A61,A73,A101,A122,A143,A152,A172,2,A191,A201,male
Pay Off,Pay Off,974,30,2831,4,2,33,1,A14,A34,A43,A61,A73,A101,A123,A143,A152,A173,1,A192,A201,female
Pay Off,Pay Off,975,24,1258,3,3,57,1,A13,A32,A43,A63,A73,A101,A123,A143,A152,A172,1,A191,A201,female
Pay Off,Pay Off,976,6,753,2,3,64,1,A12,A32,A43,A61,A73,A103,A121,A143,A152,A173,1,A191,A201,female
Pay Off,Pay Off,977,18,2427,4,2,42,2,A12,A33,A49,A65,A75,A101,A122,A143,A152,A173,1,A191,A201,male
Pay Off,Pay Off,984,24,2028,2,2,30,2,A14,A34,A42,A61,A74,A101,A122,A143,A152,A172,1,A191,A201,male
Pay Off,Default,985,15,1433,4,3,25,2,A11,A34,A42,A61,A73,A101,A122,A143,A151,A173,1,A191,A201,female
Pay Off,Default,986,42,6289,2,1,33,2,A13,A30,A49,A61,A72,A101,A122,A143,A152,A173,1,A191,A201,male
Pay Off,Pay Off,987,13,1409,2,4,64,1,A14,A32,A43,A62,A71,A101,A121,A143,A152,A173,1,A191,A201,female
Pay Off,Pay Off,988,24,6579,4,2,29,1,A11,A32,A41,A61,A71,A101,A124,A143,A153,A174,1,A192,A201,male
Pay Off,Pay Off,991,15,1569,4,4,34,1,A14,A31,A43,A62,A75,A101,A123,A141,A152,A172,2,A191,A201,male
Pay Off,Pay Off,992,18,1936,2,4,23,2,A11,A32,A43,A65,A74,A101,A123,A143,A151,A172,1,A191,A201,male
Pay Off,Pay Off,994,12,2390,4,3,50,1,A14,A32,A40,A65,A75,A101,A123,A143,A152,A173,1,A192,A201,male
Pay Off,Pay Off,995,12,1736,3,4,31,1,A14,A32,A42,A61,A74,A101,A121,A143,A152,A172,1,A191,A201,female
Pay Off,Pay Off,996,30,3857,4,4,40,1,A11,A32,A41,A61,A73,A101,A122,A143,A152,A174,1,A192,A201,male
Pay Off,Pay Off,997,12,804,4,4,38,1,A14,A32,A43,A61,A75,A101,A123,A143,A152,A173,1,A191,A201,male
Pay Off,Pay Off,999,45,4576,3,4,27,1,A12,A34,A41,A62,A71,A101,A123,A143,A152,A173,1,A191,A201,male
